Timestamp,Sensor ID,Time_Sensor_ID,Latitude,Longitude,Location,River Level (m),Change in Level (m),Flood Event
04/12/2025 09:00:00 AM,CR-001,2025-04-12 09:00:00-CR-001,10.6406,-61.3994,St. Augustine,2.21,0.007,No
04/12/2025 09:00:15 AM,CR-001,2025-04-12 09:00:15-CR-001,10.6406,-61.3994,St. Augustine,2.21,0.007,No
04/12/2025 09:00:30 AM,CR-001,2025-04-12 09:00:30-CR-001,10.6406,-61.3994,St. Augustine,2.22,0.006,No
04/12/2025 09:00:45 AM,CR-001,2025-04-12 09:00:45-CR-001,10.6406,-61.3994,St. Augustine,2.23,0.011,No
04/12/2025 09:01:00 AM,CR-001,2025-04-12 09:01:00-CR-001,10.6406,-61.3994,St. Augustine,2.25,0.017,No
04/12/2025 09:01:15 AM,CR-001,2025-04-12 09:01:15-CR-001,10.6406,-61.3994,St. Augustine,2.25,0.0,No
04/12/2025 09:01:30 AM,CR-001,2025-04-12 09:01:30-CR-001,10.6406,-61.3994,St. Augustine,2.27,0.019,No
04/12/2025 09:01:45 AM,CR-001,2025-04-12 09:01:45-CR-001,10.6406,-61.3994,St. Augustine,2.28,0.016,No
04/12/2025 09:02:00 AM,CR-001,2025-04-12 09:02:00-CR-001,10.6406,-61.3994,St. Augustine,2.29,0.004,No
04/12/2025 09:02:15 AM,CR-001,2025-04-12 09:02:15-CR-001,10.6406,-61.3994,St. Augustine,2.3,0.011,No
04/12/2025 09:02:30 AM,CR-001,2025-04-12 09:02:30-CR-001,10.6406,-61.3994,St. Augustine,2.32,0.02,No
04/12/2025 09:02:45 AM,CR-001,2025-04-12 09:02:45-CR-001,10.6406,-61.3994,St. Augustine,2.34,0.023,No
04/12/2025 09:03:00 AM,CR-001,2025-04-12 09:03:00-CR-001,10.6406,-61.3994,St. Augustine,2.35,0.008,No
04/12/2025 09:03:15 AM,CR-001,2025-04-12 09:03:15-CR-001,10.6406,-61.3994,St. Augustine,2.36,0.013,No
04/12/2025 09:03:30 AM,CR-001,2025-04-12 09:03:30-CR-001,10.6406,-61.3994,St. Augustine,2.37,0.01,No
04/12/2025 09:03:45 AM,CR-001,2025-04-12 09:03:45-CR-001,10.6406,-61.3994,St. Augustine,2.38,0.007,No
04/12/2025 09:04:00 AM,CR-001,2025-04-12 09:04:00-CR-001,10.6406,-61.3994,St. Augustine,2.39,0.014,No
04/12/2025 09:04:15 AM,CR-001,2025-04-12 09:04:15-CR-001,10.6406,-61.3994,St. Augustine,2.41,0.014,No
04/12/2025 09:04:30 AM,CR-001,2025-04-12 09:04:30-CR-001,10.6406,-61.3994,St. Augustine,2.41,0.006,No
04/12/2025 09:04:45 AM,CR-001,2025-04-12 09:04:45-CR-001,10.6406,-61.3994,St. Augustine,2.42,0.011,No
04/12/2025 09:05:00 AM,CR-001,2025-04-12 09:05:00-CR-001,10.6406,-61.3994,St. Augustine,2.43,0.005,No
04/12/2025 09:05:15 AM,CR-001,2025-04-12 09:05:15-CR-001,10.6406,-61.3994,St. Augustine,2.44,0.012,No
04/12/2025 09:05:30 AM,CR-001,2025-04-12 09:05:30-CR-001,10.6406,-61.3994,St. Augustine,2.46,0.015,No
04/12/2025 09:05:45 AM,CR-001,2025-04-12 09:05:45-CR-001,10.6406,-61.3994,St. Augustine,2.47,0.014,No
04/12/2025 09:06:00 AM,CR-001,2025-04-12 09:06:00-CR-001,10.6406,-61.3994,St. Augustine,2.48,0.011,No
04/12/2025 09:06:15 AM,CR-001,2025-04-12 09:06:15-CR-001,10.6406,-61.3994,St. Augustine,2.49,0.009,No
04/12/2025 09:06:30 AM,CR-001,2025-04-12 09:06:30-CR-001,10.6406,-61.3994,St. Augustine,2.51,0.014,No
04/12/2025 09:06:45 AM,CR-001,2025-04-12 09:06:45-CR-001,10.6406,-61.3994,St. Augustine,2.51,0.008,No
04/12/2025 09:07:00 AM,CR-001,2025-04-12 09:07:00-CR-001,10.6406,-61.3994,St. Augustine,2.52,0.011,No
04/12/2025 09:07:15 AM,CR-001,2025-04-12 09:07:15-CR-001,10.6406,-61.3994,St. Augustine,2.53,0.009,No
04/12/2025 09:07:30 AM,CR-001,2025-04-12 09:07:30-CR-001,10.6406,-61.3994,St. Augustine,2.54,0.005,No
04/12/2025 09:07:45 AM,CR-001,2025-04-12 09:07:45-CR-001,10.6406,-61.3994,St. Augustine,2.54,0.006,No
04/12/2025 09:08:00 AM,CR-001,2025-04-12 09:08:00-CR-001,10.6406,-61.3994,St. Augustine,2.56,0.019,No
04/12/2025 09:08:15 AM,CR-001,2025-04-12 09:08:15-CR-001,10.6406,-61.3994,St. Augustine,2.58,0.017,No
04/12/2025 09:08:30 AM,CR-001,2025-04-12 09:08:30-CR-001,10.6406,-61.3994,St. Augustine,2.58,0.003,No
04/12/2025 09:08:45 AM,CR-001,2025-04-12 09:08:45-CR-001,10.6406,-61.3994,St. Augustine,2.6,0.011,No
04/12/2025 09:09:00 AM,CR-001,2025-04-12 09:09:00-CR-001,10.6406,-61.3994,St. Augustine,2.6,0.008,No
04/12/2025 09:09:15 AM,CR-001,2025-04-12 09:09:15-CR-001,10.6406,-61.3994,St. Augustine,2.62,0.02,No
04/12/2025 09:09:30 AM,CR-001,2025-04-12 09:09:30-CR-001,10.6406,-61.3994,St. Augustine,2.63,0.008,No
04/12/2025 09:09:45 AM,CR-001,2025-04-12 09:09:45-CR-001,10.6406,-61.3994,St. Augustine,2.64,0.006,No
04/12/2025 09:10:00 AM,CR-001,2025-04-12 09:10:00-CR-001,10.6406,-61.3994,St. Augustine,2.64,0.001,No
04/12/2025 09:10:15 AM,CR-001,2025-04-12 09:10:15-CR-001,10.6406,-61.3994,St. Augustine,2.64,0.007,No
04/12/2025 09:10:30 AM,CR-001,2025-04-12 09:10:30-CR-001,10.6406,-61.3994,St. Augustine,2.66,0.014,No
04/12/2025 09:10:45 AM,CR-001,2025-04-12 09:10:45-CR-001,10.6406,-61.3994,St. Augustine,2.67,0.007,No
04/12/2025 09:11:00 AM,CR-001,2025-04-12 09:11:00-CR-001,10.6406,-61.3994,St. Augustine,2.67,0.009,No
04/12/2025 09:11:15 AM,CR-001,2025-04-12 09:11:15-CR-001,10.6406,-61.3994,St. Augustine,2.68,0.009,No
04/12/2025 09:11:30 AM,CR-001,2025-04-12 09:11:30-CR-001,10.6406,-61.3994,St. Augustine,2.69,0.006,No
04/12/2025 09:11:45 AM,CR-001,2025-04-12 09:11:45-CR-001,10.6406,-61.3994,St. Augustine,2.7,0.006,No
04/12/2025 09:12:00 AM,CR-001,2025-04-12 09:12:00-CR-001,10.6406,-61.3994,St. Augustine,2.7,0.006,No
04/12/2025 09:12:15 AM,CR-001,2025-04-12 09:12:15-CR-001,10.6406,-61.3994,St. Augustine,2.72,0.017,No
04/12/2025 09:12:30 AM,CR-001,2025-04-12 09:12:30-CR-001,10.6406,-61.3994,St. Augustine,2.73,0.011,No
04/12/2025 09:12:45 AM,CR-001,2025-04-12 09:12:45-CR-001,10.6406,-61.3994,St. Augustine,2.74,0.007,No
04/12/2025 09:13:00 AM,CR-001,2025-04-12 09:13:00-CR-001,10.6406,-61.3994,St. Augustine,2.75,0.014,No
04/12/2025 09:13:15 AM,CR-001,2025-04-12 09:13:15-CR-001,10.6406,-61.3994,St. Augustine,2.76,0.008,No
04/12/2025 09:13:30 AM,CR-001,2025-04-12 09:13:30-CR-001,10.6406,-61.3994,St. Augustine,2.77,0.013,No
04/12/2025 09:13:45 AM,CR-001,2025-04-12 09:13:45-CR-001,10.6406,-61.3994,St. Augustine,2.78,0.011,No
04/12/2025 09:14:00 AM,CR-001,2025-04-12 09:14:00-CR-001,10.6406,-61.3994,St. Augustine,2.79,0.011,No
04/12/2025 09:14:15 AM,CR-001,2025-04-12 09:14:15-CR-001,10.6406,-61.3994,St. Augustine,2.8,0.01,No
04/12/2025 09:14:30 AM,CR-001,2025-04-12 09:14:30-CR-001,10.6406,-61.3994,St. Augustine,2.82,0.015,No
04/12/2025 09:14:45 AM,CR-001,2025-04-12 09:14:45-CR-001,10.6406,-61.3994,St. Augustine,2.82,0.002,No
04/12/2025 09:15:00 AM,CR-001,2025-04-12 09:15:00-CR-001,10.6406,-61.3994,St. Augustine,2.85,0.032,No
04/12/2025 09:15:15 AM,CR-001,2025-04-12 09:15:15-CR-001,10.6406,-61.3994,St. Augustine,2.89,0.032,No
04/12/2025 09:15:30 AM,CR-001,2025-04-12 09:15:30-CR-001,10.6406,-61.3994,St. Augustine,2.91,0.028,No
04/12/2025 09:15:45 AM,CR-001,2025-04-12 09:15:45-CR-001,10.6406,-61.3994,St. Augustine,2.95,0.031,No
04/12/2025 09:16:00 AM,CR-001,2025-04-12 09:16:00-CR-001,10.6406,-61.3994,St. Augustine,2.97,0.023,No
04/12/2025 09:16:15 AM,CR-001,2025-04-12 09:16:15-CR-001,10.6406,-61.3994,St. Augustine,3.0,0.027,No
04/12/2025 09:16:30 AM,CR-001,2025-04-12 09:16:30-CR-001,10.6406,-61.3994,St. Augustine,3.04,0.04,Yes
04/12/2025 09:16:45 AM,CR-001,2025-04-12 09:16:45-CR-001,10.6406,-61.3994,St. Augustine,3.06,0.026,Yes
04/12/2025 09:17:00 AM,CR-001,2025-04-12 09:17:00-CR-001,10.6406,-61.3994,St. Augustine,3.09,0.03,Yes
04/12/2025 09:17:15 AM,CR-001,2025-04-12 09:17:15-CR-001,10.6406,-61.3994,St. Augustine,3.12,0.033,Yes
04/12/2025 09:17:30 AM,CR-001,2025-04-12 09:17:30-CR-001,10.6406,-61.3994,St. Augustine,3.17,0.044,Yes
04/12/2025 09:17:45 AM,CR-001,2025-04-12 09:17:45-CR-001,10.6406,-61.3994,St. Augustine,3.2,0.028,Yes
04/12/2025 09:18:00 AM,CR-001,2025-04-12 09:18:00-CR-001,10.6406,-61.3994,St. Augustine,3.22,0.026,Yes
04/12/2025 09:18:15 AM,CR-001,2025-04-12 09:18:15-CR-001,10.6406,-61.3994,St. Augustine,3.24,0.02,Yes
04/12/2025 09:18:30 AM,CR-001,2025-04-12 09:18:30-CR-001,10.6406,-61.3994,St. Augustine,3.27,0.033,Yes
04/12/2025 09:18:45 AM,CR-001,2025-04-12 09:18:45-CR-001,10.6406,-61.3994,St. Augustine,3.3,0.025,Yes
04/12/2025 09:19:00 AM,CR-001,2025-04-12 09:19:00-CR-001,10.6406,-61.3994,St. Augustine,3.34,0.04,Yes
04/12/2025 09:19:15 AM,CR-001,2025-04-12 09:19:15-CR-001,10.6406,-61.3994,St. Augustine,3.36,0.02,Yes
04/12/2025 09:19:30 AM,CR-001,2025-04-12 09:19:30-CR-001,10.6406,-61.3994,St. Augustine,3.4,0.04,Yes
04/12/2025 09:19:45 AM,CR-001,2025-04-12 09:19:45-CR-001,10.6406,-61.3994,St. Augustine,3.43,0.03,Yes
04/12/2025 09:20:00 AM,CR-001,2025-04-12 09:20:00-CR-001,10.6406,-61.3994,St. Augustine,3.47,0.036,Yes
04/12/2025 09:20:15 AM,CR-001,2025-04-12 09:20:15-CR-001,10.6406,-61.3994,St. Augustine,3.49,0.022,Yes
04/12/2025 09:20:30 AM,CR-001,2025-04-12 09:20:30-CR-001,10.6406,-61.3994,St. Augustine,3.51,0.022,Yes
04/12/2025 09:20:45 AM,CR-001,2025-04-12 09:20:45-CR-001,10.6406,-61.3994,St. Augustine,3.54,0.034,Yes
04/12/2025 09:21:00 AM,CR-001,2025-04-12 09:21:00-CR-001,10.6406,-61.3994,St. Augustine,3.57,0.031,Yes
04/12/2025 09:21:15 AM,CR-001,2025-04-12 09:21:15-CR-001,10.6406,-61.3994,St. Augustine,3.61,0.033,Yes
04/12/2025 09:21:30 AM,CR-001,2025-04-12 09:21:30-CR-001,10.6406,-61.3994,St. Augustine,3.64,0.033,Yes
04/12/2025 09:21:45 AM,CR-001,2025-04-12 09:21:45-CR-001,10.6406,-61.3994,St. Augustine,3.66,0.022,Yes
04/12/2025 09:22:00 AM,CR-001,2025-04-12 09:22:00-CR-001,10.6406,-61.3994,St. Augustine,3.69,0.025,Yes
04/12/2025 09:22:15 AM,CR-001,2025-04-12 09:22:15-CR-001,10.6406,-61.3994,St. Augustine,3.72,0.035,Yes
04/12/2025 09:22:30 AM,CR-001,2025-04-12 09:22:30-CR-001,10.6406,-61.3994,St. Augustine,3.74,0.019,Yes
04/12/2025 09:22:45 AM,CR-001,2025-04-12 09:22:45-CR-001,10.6406,-61.3994,St. Augustine,3.78,0.038,Yes
04/12/2025 09:23:00 AM,CR-001,2025-04-12 09:23:00-CR-001,10.6406,-61.3994,St. Augustine,3.82,0.041,Yes
04/12/2025 09:23:15 AM,CR-001,2025-04-12 09:23:15-CR-001,10.6406,-61.3994,St. Augustine,3.85,0.024,Yes
04/12/2025 09:23:30 AM,CR-001,2025-04-12 09:23:30-CR-001,10.6406,-61.3994,St. Augustine,3.88,0.036,Yes
04/12/2025 09:23:45 AM,CR-001,2025-04-12 09:23:45-CR-001,10.6406,-61.3994,St. Augustine,3.91,0.029,Yes
04/12/2025 09:24:00 AM,CR-001,2025-04-12 09:24:00-CR-001,10.6406,-61.3994,St. Augustine,3.94,0.028,Yes
04/12/2025 09:24:15 AM,CR-001,2025-04-12 09:24:15-CR-001,10.6406,-61.3994,St. Augustine,3.97,0.032,Yes
04/12/2025 09:24:30 AM,CR-001,2025-04-12 09:24:30-CR-001,10.6406,-61.3994,St. Augustine,4.0,0.028,Yes
04/12/2025 09:24:45 AM,CR-001,2025-04-12 09:24:45-CR-001,10.6406,-61.3994,St. Augustine,4.03,0.027,Yes
04/12/2025 09:25:00 AM,CR-001,2025-04-12 09:25:00-CR-001,10.6406,-61.3994,St. Augustine,4.05,0.029,Yes
04/12/2025 09:25:15 AM,CR-001,2025-04-12 09:25:15-CR-001,10.6406,-61.3994,St. Augustine,4.08,0.026,Yes
04/12/2025 09:25:30 AM,CR-001,2025-04-12 09:25:30-CR-001,10.6406,-61.3994,St. Augustine,4.11,0.031,Yes
04/12/2025 09:25:45 AM,CR-001,2025-04-12 09:25:45-CR-001,10.6406,-61.3994,St. Augustine,4.15,0.035,Yes
04/12/2025 09:26:00 AM,CR-001,2025-04-12 09:26:00-CR-001,10.6406,-61.3994,St. Augustine,4.19,0.039,Yes
04/12/2025 09:26:15 AM,CR-001,2025-04-12 09:26:15-CR-001,10.6406,-61.3994,St. Augustine,4.22,0.035,Yes
04/12/2025 09:26:30 AM,CR-001,2025-04-12 09:26:30-CR-001,10.6406,-61.3994,St. Augustine,4.25,0.031,Yes
04/12/2025 09:26:45 AM,CR-001,2025-04-12 09:26:45-CR-001,10.6406,-61.3994,St. Augustine,4.27,0.022,Yes
04/12/2025 09:27:00 AM,CR-001,2025-04-12 09:27:00-CR-001,10.6406,-61.3994,St. Augustine,4.3,0.029,Yes
04/12/2025 09:27:15 AM,CR-001,2025-04-12 09:27:15-CR-001,10.6406,-61.3994,St. Augustine,4.33,0.026,Yes
04/12/2025 09:27:30 AM,CR-001,2025-04-12 09:27:30-CR-001,10.6406,-61.3994,St. Augustine,4.36,0.032,Yes
04/12/2025 09:27:45 AM,CR-001,2025-04-12 09:27:45-CR-001,10.6406,-61.3994,St. Augustine,4.39,0.031,Yes
04/12/2025 09:28:00 AM,CR-001,2025-04-12 09:28:00-CR-001,10.6406,-61.3994,St. Augustine,4.42,0.026,Yes
04/12/2025 09:28:15 AM,CR-001,2025-04-12 09:28:15-CR-001,10.6406,-61.3994,St. Augustine,4.45,0.032,Yes
04/12/2025 09:28:30 AM,CR-001,2025-04-12 09:28:30-CR-001,10.6406,-61.3994,St. Augustine,4.48,0.032,Yes
04/12/2025 09:28:45 AM,CR-001,2025-04-12 09:28:45-CR-001,10.6406,-61.3994,St. Augustine,4.52,0.04,Yes
04/12/2025 09:29:00 AM,CR-001,2025-04-12 09:29:00-CR-001,10.6406,-61.3994,St. Augustine,4.55,0.033,Yes
04/12/2025 09:29:15 AM,CR-001,2025-04-12 09:29:15-CR-001,10.6406,-61.3994,St. Augustine,4.58,0.026,Yes
04/12/2025 09:29:30 AM,CR-001,2025-04-12 09:29:30-CR-001,10.6406,-61.3994,St. Augustine,4.61,0.026,Yes
04/12/2025 09:29:45 AM,CR-001,2025-04-12 09:29:45-CR-001,10.6406,-61.3994,St. Augustine,4.64,0.037,Yes
04/12/2025 09:30:00 AM,CR-001,2025-04-12 09:30:00-CR-001,10.6406,-61.3994,St. Augustine,4.67,0.027,Yes
04/12/2025 09:00:00 AM,CR-002,2025-04-12 09:00:00-CR-002,10.5682,-61.3702,Cunupia,2.21,0.012,No
04/12/2025 09:00:15 AM,CR-002,2025-04-12 09:00:15-CR-002,10.5682,-61.3702,Cunupia,2.22,0.007,No
04/12/2025 09:00:30 AM,CR-002,2025-04-12 09:00:30-CR-002,10.5682,-61.3702,Cunupia,2.22,0.006,No
04/12/2025 09:00:45 AM,CR-002,2025-04-12 09:00:45-CR-002,10.5682,-61.3702,Cunupia,2.25,0.022,No
04/12/2025 09:01:00 AM,CR-002,2025-04-12 09:01:00-CR-002,10.5682,-61.3702,Cunupia,2.25,0.003,No
04/12/2025 09:01:15 AM,CR-002,2025-04-12 09:01:15-CR-002,10.5682,-61.3702,Cunupia,2.26,0.013,No
04/12/2025 09:01:30 AM,CR-002,2025-04-12 09:01:30-CR-002,10.5682,-61.3702,Cunupia,2.27,0.012,No
04/12/2025 09:01:45 AM,CR-002,2025-04-12 09:01:45-CR-002,10.5682,-61.3702,Cunupia,2.29,0.011,No
04/12/2025 09:02:00 AM,CR-002,2025-04-12 09:02:00-CR-002,10.5682,-61.3702,Cunupia,2.29,0.005,No
04/12/2025 09:02:15 AM,CR-002,2025-04-12 09:02:15-CR-002,10.5682,-61.3702,Cunupia,2.3,0.01,No
04/12/2025 09:02:30 AM,CR-002,2025-04-12 09:02:30-CR-002,10.5682,-61.3702,Cunupia,2.31,0.011,No
04/12/2025 09:02:45 AM,CR-002,2025-04-12 09:02:45-CR-002,10.5682,-61.3702,Cunupia,2.32,0.004,No
04/12/2025 09:03:00 AM,CR-002,2025-04-12 09:03:00-CR-002,10.5682,-61.3702,Cunupia,2.32,0.004,No
04/12/2025 09:03:15 AM,CR-002,2025-04-12 09:03:15-CR-002,10.5682,-61.3702,Cunupia,2.33,0.006,No
04/12/2025 09:03:30 AM,CR-002,2025-04-12 09:03:30-CR-002,10.5682,-61.3702,Cunupia,2.32,-0.004,No
04/12/2025 09:03:45 AM,CR-002,2025-04-12 09:03:45-CR-002,10.5682,-61.3702,Cunupia,2.33,0.01,No
04/12/2025 09:04:00 AM,CR-002,2025-04-12 09:04:00-CR-002,10.5682,-61.3702,Cunupia,2.35,0.02,No
04/12/2025 09:04:15 AM,CR-002,2025-04-12 09:04:15-CR-002,10.5682,-61.3702,Cunupia,2.36,0.013,No
04/12/2025 09:04:30 AM,CR-002,2025-04-12 09:04:30-CR-002,10.5682,-61.3702,Cunupia,2.39,0.021,No
04/12/2025 09:04:45 AM,CR-002,2025-04-12 09:04:45-CR-002,10.5682,-61.3702,Cunupia,2.4,0.011,No
04/12/2025 09:05:00 AM,CR-002,2025-04-12 09:05:00-CR-002,10.5682,-61.3702,Cunupia,2.4,0.007,No
04/12/2025 09:05:15 AM,CR-002,2025-04-12 09:05:15-CR-002,10.5682,-61.3702,Cunupia,2.41,0.006,No
04/12/2025 09:05:30 AM,CR-002,2025-04-12 09:05:30-CR-002,10.5682,-61.3702,Cunupia,2.41,0.005,No
04/12/2025 09:05:45 AM,CR-002,2025-04-12 09:05:45-CR-002,10.5682,-61.3702,Cunupia,2.43,0.011,No
04/12/2025 09:06:00 AM,CR-002,2025-04-12 09:06:00-CR-002,10.5682,-61.3702,Cunupia,2.44,0.011,No
04/12/2025 09:06:15 AM,CR-002,2025-04-12 09:06:15-CR-002,10.5682,-61.3702,Cunupia,2.46,0.022,No
04/12/2025 09:06:30 AM,CR-002,2025-04-12 09:06:30-CR-002,10.5682,-61.3702,Cunupia,2.48,0.019,No
04/12/2025 09:06:45 AM,CR-002,2025-04-12 09:06:45-CR-002,10.5682,-61.3702,Cunupia,2.49,0.012,No
04/12/2025 09:07:00 AM,CR-002,2025-04-12 09:07:00-CR-002,10.5682,-61.3702,Cunupia,2.49,-0.003,No
04/12/2025 09:07:15 AM,CR-002,2025-04-12 09:07:15-CR-002,10.5682,-61.3702,Cunupia,2.49,0.005,No
04/12/2025 09:07:30 AM,CR-002,2025-04-12 09:07:30-CR-002,10.5682,-61.3702,Cunupia,2.5,0.004,No
04/12/2025 09:07:45 AM,CR-002,2025-04-12 09:07:45-CR-002,10.5682,-61.3702,Cunupia,2.51,0.016,No
04/12/2025 09:08:00 AM,CR-002,2025-04-12 09:08:00-CR-002,10.5682,-61.3702,Cunupia,2.52,0.01,No
04/12/2025 09:08:15 AM,CR-002,2025-04-12 09:08:15-CR-002,10.5682,-61.3702,Cunupia,2.53,0.006,No
04/12/2025 09:08:30 AM,CR-002,2025-04-12 09:08:30-CR-002,10.5682,-61.3702,Cunupia,2.54,0.008,No
04/12/2025 09:08:45 AM,CR-002,2025-04-12 09:08:45-CR-002,10.5682,-61.3702,Cunupia,2.55,0.016,No
04/12/2025 09:09:00 AM,CR-002,2025-04-12 09:09:00-CR-002,10.5682,-61.3702,Cunupia,2.56,0.01,No
04/12/2025 09:09:15 AM,CR-002,2025-04-12 09:09:15-CR-002,10.5682,-61.3702,Cunupia,2.57,0.012,No
04/12/2025 09:09:30 AM,CR-002,2025-04-12 09:09:30-CR-002,10.5682,-61.3702,Cunupia,2.58,0.008,No
04/12/2025 09:09:45 AM,CR-002,2025-04-12 09:09:45-CR-002,10.5682,-61.3702,Cunupia,2.6,0.013,No
04/12/2025 09:10:00 AM,CR-002,2025-04-12 09:10:00-CR-002,10.5682,-61.3702,Cunupia,2.61,0.012,No
04/12/2025 09:10:15 AM,CR-002,2025-04-12 09:10:15-CR-002,10.5682,-61.3702,Cunupia,2.61,0.004,No
04/12/2025 09:10:30 AM,CR-002,2025-04-12 09:10:30-CR-002,10.5682,-61.3702,Cunupia,2.62,0.01,No
04/12/2025 09:10:45 AM,CR-002,2025-04-12 09:10:45-CR-002,10.5682,-61.3702,Cunupia,2.63,0.007,No
04/12/2025 09:11:00 AM,CR-002,2025-04-12 09:11:00-CR-002,10.5682,-61.3702,Cunupia,2.64,0.007,No
04/12/2025 09:11:15 AM,CR-002,2025-04-12 09:11:15-CR-002,10.5682,-61.3702,Cunupia,2.64,0.007,No
04/12/2025 09:11:30 AM,CR-002,2025-04-12 09:11:30-CR-002,10.5682,-61.3702,Cunupia,2.66,0.013,No
04/12/2025 09:11:45 AM,CR-002,2025-04-12 09:11:45-CR-002,10.5682,-61.3702,Cunupia,2.66,0.006,No
04/12/2025 09:12:00 AM,CR-002,2025-04-12 09:12:00-CR-002,10.5682,-61.3702,Cunupia,2.67,0.004,No
04/12/2025 09:12:15 AM,CR-002,2025-04-12 09:12:15-CR-002,10.5682,-61.3702,Cunupia,2.67,0.003,No
04/12/2025 09:12:30 AM,CR-002,2025-04-12 09:12:30-CR-002,10.5682,-61.3702,Cunupia,2.69,0.02,No
04/12/2025 09:12:45 AM,CR-002,2025-04-12 09:12:45-CR-002,10.5682,-61.3702,Cunupia,2.7,0.01,No
04/12/2025 09:13:00 AM,CR-002,2025-04-12 09:13:00-CR-002,10.5682,-61.3702,Cunupia,2.72,0.017,No
04/12/2025 09:13:15 AM,CR-002,2025-04-12 09:13:15-CR-002,10.5682,-61.3702,Cunupia,2.73,0.014,No
04/12/2025 09:13:30 AM,CR-002,2025-04-12 09:13:30-CR-002,10.5682,-61.3702,Cunupia,2.74,0.009,No
04/12/2025 09:13:45 AM,CR-002,2025-04-12 09:13:45-CR-002,10.5682,-61.3702,Cunupia,2.74,-0.003,No
04/12/2025 09:14:00 AM,CR-002,2025-04-12 09:14:00-CR-002,10.5682,-61.3702,Cunupia,2.75,0.016,No
04/12/2025 09:14:15 AM,CR-002,2025-04-12 09:14:15-CR-002,10.5682,-61.3702,Cunupia,2.76,0.012,No
04/12/2025 09:14:30 AM,CR-002,2025-04-12 09:14:30-CR-002,10.5682,-61.3702,Cunupia,2.77,0.009,No
04/12/2025 09:14:45 AM,CR-002,2025-04-12 09:14:45-CR-002,10.5682,-61.3702,Cunupia,2.77,-0.0,No
04/12/2025 09:15:00 AM,CR-002,2025-04-12 09:15:00-CR-002,10.5682,-61.3702,Cunupia,2.81,0.033,No
04/12/2025 09:15:15 AM,CR-002,2025-04-12 09:15:15-CR-002,10.5682,-61.3702,Cunupia,2.84,0.035,No
04/12/2025 09:15:30 AM,CR-002,2025-04-12 09:15:30-CR-002,10.5682,-61.3702,Cunupia,2.87,0.027,No
04/12/2025 09:15:45 AM,CR-002,2025-04-12 09:15:45-CR-002,10.5682,-61.3702,Cunupia,2.9,0.033,No
04/12/2025 09:16:00 AM,CR-002,2025-04-12 09:16:00-CR-002,10.5682,-61.3702,Cunupia,2.93,0.029,No
04/12/2025 09:16:15 AM,CR-002,2025-04-12 09:16:15-CR-002,10.5682,-61.3702,Cunupia,2.96,0.031,No
04/12/2025 09:16:30 AM,CR-002,2025-04-12 09:16:30-CR-002,10.5682,-61.3702,Cunupia,3.0,0.037,No
04/12/2025 09:16:45 AM,CR-002,2025-04-12 09:16:45-CR-002,10.5682,-61.3702,Cunupia,3.03,0.029,Yes
04/12/2025 09:17:00 AM,CR-002,2025-04-12 09:17:00-CR-002,10.5682,-61.3702,Cunupia,3.07,0.041,Yes
04/12/2025 09:17:15 AM,CR-002,2025-04-12 09:17:15-CR-002,10.5682,-61.3702,Cunupia,3.09,0.022,Yes
04/12/2025 09:17:30 AM,CR-002,2025-04-12 09:17:30-CR-002,10.5682,-61.3702,Cunupia,3.11,0.024,Yes
04/12/2025 09:17:45 AM,CR-002,2025-04-12 09:17:45-CR-002,10.5682,-61.3702,Cunupia,3.14,0.028,Yes
04/12/2025 09:18:00 AM,CR-002,2025-04-12 09:18:00-CR-002,10.5682,-61.3702,Cunupia,3.18,0.034,Yes
04/12/2025 09:18:15 AM,CR-002,2025-04-12 09:18:15-CR-002,10.5682,-61.3702,Cunupia,3.22,0.04,Yes
04/12/2025 09:18:30 AM,CR-002,2025-04-12 09:18:30-CR-002,10.5682,-61.3702,Cunupia,3.25,0.029,Yes
04/12/2025 09:18:45 AM,CR-002,2025-04-12 09:18:45-CR-002,10.5682,-61.3702,Cunupia,3.27,0.025,Yes
04/12/2025 09:19:00 AM,CR-002,2025-04-12 09:19:00-CR-002,10.5682,-61.3702,Cunupia,3.3,0.029,Yes
04/12/2025 09:19:15 AM,CR-002,2025-04-12 09:19:15-CR-002,10.5682,-61.3702,Cunupia,3.33,0.027,Yes
04/12/2025 09:19:30 AM,CR-002,2025-04-12 09:19:30-CR-002,10.5682,-61.3702,Cunupia,3.36,0.032,Yes
04/12/2025 09:19:45 AM,CR-002,2025-04-12 09:19:45-CR-002,10.5682,-61.3702,Cunupia,3.39,0.032,Yes
04/12/2025 09:20:00 AM,CR-002,2025-04-12 09:20:00-CR-002,10.5682,-61.3702,Cunupia,3.42,0.025,Yes
04/12/2025 09:20:15 AM,CR-002,2025-04-12 09:20:15-CR-002,10.5682,-61.3702,Cunupia,3.45,0.028,Yes
04/12/2025 09:20:30 AM,CR-002,2025-04-12 09:20:30-CR-002,10.5682,-61.3702,Cunupia,3.47,0.024,Yes
04/12/2025 09:20:45 AM,CR-002,2025-04-12 09:20:45-CR-002,10.5682,-61.3702,Cunupia,3.5,0.025,Yes
04/12/2025 09:21:00 AM,CR-002,2025-04-12 09:21:00-CR-002,10.5682,-61.3702,Cunupia,3.52,0.029,Yes
04/12/2025 09:21:15 AM,CR-002,2025-04-12 09:21:15-CR-002,10.5682,-61.3702,Cunupia,3.56,0.036,Yes
04/12/2025 09:21:30 AM,CR-002,2025-04-12 09:21:30-CR-002,10.5682,-61.3702,Cunupia,3.59,0.034,Yes
04/12/2025 09:21:45 AM,CR-002,2025-04-12 09:21:45-CR-002,10.5682,-61.3702,Cunupia,3.63,0.031,Yes
04/12/2025 09:22:00 AM,CR-002,2025-04-12 09:22:00-CR-002,10.5682,-61.3702,Cunupia,3.65,0.028,Yes
04/12/2025 09:22:15 AM,CR-002,2025-04-12 09:22:15-CR-002,10.5682,-61.3702,Cunupia,3.68,0.028,Yes
04/12/2025 09:22:30 AM,CR-002,2025-04-12 09:22:30-CR-002,10.5682,-61.3702,Cunupia,3.71,0.031,Yes
04/12/2025 09:22:45 AM,CR-002,2025-04-12 09:22:45-CR-002,10.5682,-61.3702,Cunupia,3.74,0.024,Yes
04/12/2025 09:23:00 AM,CR-002,2025-04-12 09:23:00-CR-002,10.5682,-61.3702,Cunupia,3.76,0.026,Yes
04/12/2025 09:23:15 AM,CR-002,2025-04-12 09:23:15-CR-002,10.5682,-61.3702,Cunupia,3.8,0.033,Yes
04/12/2025 09:23:30 AM,CR-002,2025-04-12 09:23:30-CR-002,10.5682,-61.3702,Cunupia,3.83,0.03,Yes
04/12/2025 09:23:45 AM,CR-002,2025-04-12 09:23:45-CR-002,10.5682,-61.3702,Cunupia,3.85,0.025,Yes
04/12/2025 09:24:00 AM,CR-002,2025-04-12 09:24:00-CR-002,10.5682,-61.3702,Cunupia,3.88,0.028,Yes
04/12/2025 09:24:15 AM,CR-002,2025-04-12 09:24:15-CR-002,10.5682,-61.3702,Cunupia,3.91,0.027,Yes
04/12/2025 09:24:30 AM,CR-002,2025-04-12 09:24:30-CR-002,10.5682,-61.3702,Cunupia,3.94,0.032,Yes
04/12/2025 09:24:45 AM,CR-002,2025-04-12 09:24:45-CR-002,10.5682,-61.3702,Cunupia,3.97,0.029,Yes
04/12/2025 09:25:00 AM,CR-002,2025-04-12 09:25:00-CR-002,10.5682,-61.3702,Cunupia,3.99,0.025,Yes
04/12/2025 09:25:15 AM,CR-002,2025-04-12 09:25:15-CR-002,10.5682,-61.3702,Cunupia,4.01,0.023,Yes
04/12/2025 09:25:30 AM,CR-002,2025-04-12 09:25:30-CR-002,10.5682,-61.3702,Cunupia,4.03,0.018,Yes
04/12/2025 09:25:45 AM,CR-002,2025-04-12 09:25:45-CR-002,10.5682,-61.3702,Cunupia,4.07,0.033,Yes
04/12/2025 09:26:00 AM,CR-002,2025-04-12 09:26:00-CR-002,10.5682,-61.3702,Cunupia,4.1,0.034,Yes
04/12/2025 09:26:15 AM,CR-002,2025-04-12 09:26:15-CR-002,10.5682,-61.3702,Cunupia,4.13,0.029,Yes
04/12/2025 09:26:30 AM,CR-002,2025-04-12 09:26:30-CR-002,10.5682,-61.3702,Cunupia,4.16,0.034,Yes
04/12/2025 09:26:45 AM,CR-002,2025-04-12 09:26:45-CR-002,10.5682,-61.3702,Cunupia,4.19,0.028,Yes
04/12/2025 09:27:00 AM,CR-002,2025-04-12 09:27:00-CR-002,10.5682,-61.3702,Cunupia,4.22,0.031,Yes
04/12/2025 09:27:15 AM,CR-002,2025-04-12 09:27:15-CR-002,10.5682,-61.3702,Cunupia,4.25,0.03,Yes
04/12/2025 09:27:30 AM,CR-002,2025-04-12 09:27:30-CR-002,10.5682,-61.3702,Cunupia,4.28,0.028,Yes
04/12/2025 09:27:45 AM,CR-002,2025-04-12 09:27:45-CR-002,10.5682,-61.3702,Cunupia,4.32,0.041,Yes
04/12/2025 09:28:00 AM,CR-002,2025-04-12 09:28:00-CR-002,10.5682,-61.3702,Cunupia,4.35,0.033,Yes
04/12/2025 09:28:15 AM,CR-002,2025-04-12 09:28:15-CR-002,10.5682,-61.3702,Cunupia,4.39,0.038,Yes
04/12/2025 09:28:30 AM,CR-002,2025-04-12 09:28:30-CR-002,10.5682,-61.3702,Cunupia,4.43,0.034,Yes
04/12/2025 09:28:45 AM,CR-002,2025-04-12 09:28:45-CR-002,10.5682,-61.3702,Cunupia,4.45,0.027,Yes
04/12/2025 09:29:00 AM,CR-002,2025-04-12 09:29:00-CR-002,10.5682,-61.3702,Cunupia,4.48,0.027,Yes
04/12/2025 09:29:15 AM,CR-002,2025-04-12 09:29:15-CR-002,10.5682,-61.3702,Cunupia,4.51,0.032,Yes
04/12/2025 09:29:30 AM,CR-002,2025-04-12 09:29:30-CR-002,10.5682,-61.3702,Cunupia,4.54,0.033,Yes
04/12/2025 09:29:45 AM,CR-002,2025-04-12 09:29:45-CR-002,10.5682,-61.3702,Cunupia,4.58,0.033,Yes
04/12/2025 09:30:00 AM,CR-002,2025-04-12 09:30:00-CR-002,10.5682,-61.3702,Cunupia,4.61,0.034,Yes
04/12/2025 09:00:00 AM,CR-003,2025-04-12 09:00:00-CR-003,10.5957,-61.3376,Piarco,2.21,0.009,No
04/12/2025 09:00:15 AM,CR-003,2025-04-12 09:00:15-CR-003,10.5957,-61.3376,Piarco,2.21,0.005,No
04/12/2025 09:00:30 AM,CR-003,2025-04-12 09:00:30-CR-003,10.5957,-61.3376,Piarco,2.23,0.016,No
04/12/2025 09:00:45 AM,CR-003,2025-04-12 09:00:45-CR-003,10.5957,-61.3376,Piarco,2.24,0.01,No
04/12/2025 09:01:00 AM,CR-003,2025-04-12 09:01:00-CR-003,10.5957,-61.3376,Piarco,2.25,0.007,No
04/12/2025 09:01:15 AM,CR-003,2025-04-12 09:01:15-CR-003,10.5957,-61.3376,Piarco,2.26,0.01,No
04/12/2025 09:01:30 AM,CR-003,2025-04-12 09:01:30-CR-003,10.5957,-61.3376,Piarco,2.27,0.01,No
04/12/2025 09:01:45 AM,CR-003,2025-04-12 09:01:45-CR-003,10.5957,-61.3376,Piarco,2.28,0.008,No
04/12/2025 09:02:00 AM,CR-003,2025-04-12 09:02:00-CR-003,10.5957,-61.3376,Piarco,2.28,0.005,No
04/12/2025 09:02:15 AM,CR-003,2025-04-12 09:02:15-CR-003,10.5957,-61.3376,Piarco,2.29,0.011,No
04/12/2025 09:02:30 AM,CR-003,2025-04-12 09:02:30-CR-003,10.5957,-61.3376,Piarco,2.3,0.006,No
04/12/2025 09:02:45 AM,CR-003,2025-04-12 09:02:45-CR-003,10.5957,-61.3376,Piarco,2.3,0.007,No
04/12/2025 09:03:00 AM,CR-003,2025-04-12 09:03:00-CR-003,10.5957,-61.3376,Piarco,2.32,0.015,No
04/12/2025 09:03:15 AM,CR-003,2025-04-12 09:03:15-CR-003,10.5957,-61.3376,Piarco,2.34,0.018,No
04/12/2025 09:03:30 AM,CR-003,2025-04-12 09:03:30-CR-003,10.5957,-61.3376,Piarco,2.35,0.012,No
04/12/2025 09:03:45 AM,CR-003,2025-04-12 09:03:45-CR-003,10.5957,-61.3376,Piarco,2.35,0.002,No
04/12/2025 09:04:00 AM,CR-003,2025-04-12 09:04:00-CR-003,10.5957,-61.3376,Piarco,2.36,0.009,No
04/12/2025 09:04:15 AM,CR-003,2025-04-12 09:04:15-CR-003,10.5957,-61.3376,Piarco,2.36,0.001,No
04/12/2025 09:04:30 AM,CR-003,2025-04-12 09:04:30-CR-003,10.5957,-61.3376,Piarco,2.37,0.007,No
04/12/2025 09:04:45 AM,CR-003,2025-04-12 09:04:45-CR-003,10.5957,-61.3376,Piarco,2.38,0.015,No
04/12/2025 09:05:00 AM,CR-003,2025-04-12 09:05:00-CR-003,10.5957,-61.3376,Piarco,2.39,0.005,No
04/12/2025 09:05:15 AM,CR-003,2025-04-12 09:05:15-CR-003,10.5957,-61.3376,Piarco,2.4,0.011,No
04/12/2025 09:05:30 AM,CR-003,2025-04-12 09:05:30-CR-003,10.5957,-61.3376,Piarco,2.41,0.011,No
04/12/2025 09:05:45 AM,CR-003,2025-04-12 09:05:45-CR-003,10.5957,-61.3376,Piarco,2.43,0.015,No
04/12/2025 09:06:00 AM,CR-003,2025-04-12 09:06:00-CR-003,10.5957,-61.3376,Piarco,2.42,-0.002,No
04/12/2025 09:06:15 AM,CR-003,2025-04-12 09:06:15-CR-003,10.5957,-61.3376,Piarco,2.44,0.019,No
04/12/2025 09:06:30 AM,CR-003,2025-04-12 09:06:30-CR-003,10.5957,-61.3376,Piarco,2.46,0.016,No
04/12/2025 09:06:45 AM,CR-003,2025-04-12 09:06:45-CR-003,10.5957,-61.3376,Piarco,2.47,0.011,No
04/12/2025 09:07:00 AM,CR-003,2025-04-12 09:07:00-CR-003,10.5957,-61.3376,Piarco,2.48,0.013,No
04/12/2025 09:07:15 AM,CR-003,2025-04-12 09:07:15-CR-003,10.5957,-61.3376,Piarco,2.5,0.013,No
04/12/2025 09:07:30 AM,CR-003,2025-04-12 09:07:30-CR-003,10.5957,-61.3376,Piarco,2.51,0.014,No
04/12/2025 09:07:45 AM,CR-003,2025-04-12 09:07:45-CR-003,10.5957,-61.3376,Piarco,2.52,0.006,No
04/12/2025 09:08:00 AM,CR-003,2025-04-12 09:08:00-CR-003,10.5957,-61.3376,Piarco,2.53,0.012,No
04/12/2025 09:08:15 AM,CR-003,2025-04-12 09:08:15-CR-003,10.5957,-61.3376,Piarco,2.55,0.023,No
04/12/2025 09:08:30 AM,CR-003,2025-04-12 09:08:30-CR-003,10.5957,-61.3376,Piarco,2.56,0.011,No
04/12/2025 09:08:45 AM,CR-003,2025-04-12 09:08:45-CR-003,10.5957,-61.3376,Piarco,2.57,0.009,No
04/12/2025 09:09:00 AM,CR-003,2025-04-12 09:09:00-CR-003,10.5957,-61.3376,Piarco,2.58,0.012,No
04/12/2025 09:09:15 AM,CR-003,2025-04-12 09:09:15-CR-003,10.5957,-61.3376,Piarco,2.6,0.015,No
04/12/2025 09:09:30 AM,CR-003,2025-04-12 09:09:30-CR-003,10.5957,-61.3376,Piarco,2.6,0.007,No
04/12/2025 09:09:45 AM,CR-003,2025-04-12 09:09:45-CR-003,10.5957,-61.3376,Piarco,2.62,0.013,No
04/12/2025 09:10:00 AM,CR-003,2025-04-12 09:10:00-CR-003,10.5957,-61.3376,Piarco,2.63,0.011,No
04/12/2025 09:10:15 AM,CR-003,2025-04-12 09:10:15-CR-003,10.5957,-61.3376,Piarco,2.64,0.012,No
04/12/2025 09:10:30 AM,CR-003,2025-04-12 09:10:30-CR-003,10.5957,-61.3376,Piarco,2.64,0.004,No
04/12/2025 09:10:45 AM,CR-003,2025-04-12 09:10:45-CR-003,10.5957,-61.3376,Piarco,2.66,0.013,No
04/12/2025 09:11:00 AM,CR-003,2025-04-12 09:11:00-CR-003,10.5957,-61.3376,Piarco,2.67,0.009,No
04/12/2025 09:11:15 AM,CR-003,2025-04-12 09:11:15-CR-003,10.5957,-61.3376,Piarco,2.68,0.011,No
04/12/2025 09:11:30 AM,CR-003,2025-04-12 09:11:30-CR-003,10.5957,-61.3376,Piarco,2.69,0.008,No
04/12/2025 09:11:45 AM,CR-003,2025-04-12 09:11:45-CR-003,10.5957,-61.3376,Piarco,2.69,0.006,No
04/12/2025 09:12:00 AM,CR-003,2025-04-12 09:12:00-CR-003,10.5957,-61.3376,Piarco,2.7,0.008,No
04/12/2025 09:12:15 AM,CR-003,2025-04-12 09:12:15-CR-003,10.5957,-61.3376,Piarco,2.71,0.007,No
04/12/2025 09:12:30 AM,CR-003,2025-04-12 09:12:30-CR-003,10.5957,-61.3376,Piarco,2.72,0.011,No
04/12/2025 09:12:45 AM,CR-003,2025-04-12 09:12:45-CR-003,10.5957,-61.3376,Piarco,2.72,0.007,No
04/12/2025 09:13:00 AM,CR-003,2025-04-12 09:13:00-CR-003,10.5957,-61.3376,Piarco,2.74,0.012,No
04/12/2025 09:13:15 AM,CR-003,2025-04-12 09:13:15-CR-003,10.5957,-61.3376,Piarco,2.75,0.014,No
04/12/2025 09:13:30 AM,CR-003,2025-04-12 09:13:30-CR-003,10.5957,-61.3376,Piarco,2.76,0.008,No
04/12/2025 09:13:45 AM,CR-003,2025-04-12 09:13:45-CR-003,10.5957,-61.3376,Piarco,2.77,0.012,No
04/12/2025 09:14:00 AM,CR-003,2025-04-12 09:14:00-CR-003,10.5957,-61.3376,Piarco,2.78,0.009,No
04/12/2025 09:14:15 AM,CR-003,2025-04-12 09:14:15-CR-003,10.5957,-61.3376,Piarco,2.79,0.007,No
04/12/2025 09:14:30 AM,CR-003,2025-04-12 09:14:30-CR-003,10.5957,-61.3376,Piarco,2.79,0.008,No
04/12/2025 09:14:45 AM,CR-003,2025-04-12 09:14:45-CR-003,10.5957,-61.3376,Piarco,2.8,0.006,No
04/12/2025 09:15:00 AM,CR-003,2025-04-12 09:15:00-CR-003,10.5957,-61.3376,Piarco,2.84,0.035,No
04/12/2025 09:15:15 AM,CR-003,2025-04-12 09:15:15-CR-003,10.5957,-61.3376,Piarco,2.86,0.028,No
04/12/2025 09:15:30 AM,CR-003,2025-04-12 09:15:30-CR-003,10.5957,-61.3376,Piarco,2.9,0.033,No
04/12/2025 09:15:45 AM,CR-003,2025-04-12 09:15:45-CR-003,10.5957,-61.3376,Piarco,2.92,0.024,No
04/12/2025 09:16:00 AM,CR-003,2025-04-12 09:16:00-CR-003,10.5957,-61.3376,Piarco,2.94,0.024,No
04/12/2025 09:16:15 AM,CR-003,2025-04-12 09:16:15-CR-003,10.5957,-61.3376,Piarco,2.98,0.032,No
04/12/2025 09:16:30 AM,CR-003,2025-04-12 09:16:30-CR-003,10.5957,-61.3376,Piarco,3.0,0.027,Yes
04/12/2025 09:16:45 AM,CR-003,2025-04-12 09:16:45-CR-003,10.5957,-61.3376,Piarco,3.03,0.025,Yes
04/12/2025 09:17:00 AM,CR-003,2025-04-12 09:17:00-CR-003,10.5957,-61.3376,Piarco,3.05,0.026,Yes
04/12/2025 09:17:15 AM,CR-003,2025-04-12 09:17:15-CR-003,10.5957,-61.3376,Piarco,3.08,0.028,Yes
04/12/2025 09:17:30 AM,CR-003,2025-04-12 09:17:30-CR-003,10.5957,-61.3376,Piarco,3.12,0.039,Yes
04/12/2025 09:17:45 AM,CR-003,2025-04-12 09:17:45-CR-003,10.5957,-61.3376,Piarco,3.15,0.025,Yes
04/12/2025 09:18:00 AM,CR-003,2025-04-12 09:18:00-CR-003,10.5957,-61.3376,Piarco,3.17,0.026,Yes
04/12/2025 09:18:15 AM,CR-003,2025-04-12 09:18:15-CR-003,10.5957,-61.3376,Piarco,3.19,0.02,Yes
04/12/2025 09:18:30 AM,CR-003,2025-04-12 09:18:30-CR-003,10.5957,-61.3376,Piarco,3.23,0.031,Yes
04/12/2025 09:18:45 AM,CR-003,2025-04-12 09:18:45-CR-003,10.5957,-61.3376,Piarco,3.25,0.029,Yes
04/12/2025 09:19:00 AM,CR-003,2025-04-12 09:19:00-CR-003,10.5957,-61.3376,Piarco,3.29,0.032,Yes
04/12/2025 09:19:15 AM,CR-003,2025-04-12 09:19:15-CR-003,10.5957,-61.3376,Piarco,3.32,0.033,Yes
04/12/2025 09:19:30 AM,CR-003,2025-04-12 09:19:30-CR-003,10.5957,-61.3376,Piarco,3.35,0.033,Yes
04/12/2025 09:19:45 AM,CR-003,2025-04-12 09:19:45-CR-003,10.5957,-61.3376,Piarco,3.38,0.029,Yes
04/12/2025 09:20:00 AM,CR-003,2025-04-12 09:20:00-CR-003,10.5957,-61.3376,Piarco,3.4,0.02,Yes
04/12/2025 09:20:15 AM,CR-003,2025-04-12 09:20:15-CR-003,10.5957,-61.3376,Piarco,3.43,0.033,Yes
04/12/2025 09:20:30 AM,CR-003,2025-04-12 09:20:30-CR-003,10.5957,-61.3376,Piarco,3.46,0.025,Yes
04/12/2025 09:20:45 AM,CR-003,2025-04-12 09:20:45-CR-003,10.5957,-61.3376,Piarco,3.48,0.022,Yes
04/12/2025 09:21:00 AM,CR-003,2025-04-12 09:21:00-CR-003,10.5957,-61.3376,Piarco,3.51,0.026,Yes
04/12/2025 09:21:15 AM,CR-003,2025-04-12 09:21:15-CR-003,10.5957,-61.3376,Piarco,3.54,0.036,Yes
04/12/2025 09:21:30 AM,CR-003,2025-04-12 09:21:30-CR-003,10.5957,-61.3376,Piarco,3.57,0.032,Yes
04/12/2025 09:21:45 AM,CR-003,2025-04-12 09:21:45-CR-003,10.5957,-61.3376,Piarco,3.6,0.029,Yes
04/12/2025 09:22:00 AM,CR-003,2025-04-12 09:22:00-CR-003,10.5957,-61.3376,Piarco,3.63,0.028,Yes
04/12/2025 09:22:15 AM,CR-003,2025-04-12 09:22:15-CR-003,10.5957,-61.3376,Piarco,3.66,0.034,Yes
04/12/2025 09:22:30 AM,CR-003,2025-04-12 09:22:30-CR-003,10.5957,-61.3376,Piarco,3.7,0.032,Yes
04/12/2025 09:22:45 AM,CR-003,2025-04-12 09:22:45-CR-003,10.5957,-61.3376,Piarco,3.72,0.026,Yes
04/12/2025 09:23:00 AM,CR-003,2025-04-12 09:23:00-CR-003,10.5957,-61.3376,Piarco,3.75,0.03,Yes
04/12/2025 09:23:15 AM,CR-003,2025-04-12 09:23:15-CR-003,10.5957,-61.3376,Piarco,3.79,0.032,Yes
04/12/2025 09:23:30 AM,CR-003,2025-04-12 09:23:30-CR-003,10.5957,-61.3376,Piarco,3.82,0.031,Yes
04/12/2025 09:23:45 AM,CR-003,2025-04-12 09:23:45-CR-003,10.5957,-61.3376,Piarco,3.85,0.03,Yes
04/12/2025 09:24:00 AM,CR-003,2025-04-12 09:24:00-CR-003,10.5957,-61.3376,Piarco,3.88,0.035,Yes
04/12/2025 09:24:15 AM,CR-003,2025-04-12 09:24:15-CR-003,10.5957,-61.3376,Piarco,3.91,0.027,Yes
04/12/2025 09:24:30 AM,CR-003,2025-04-12 09:24:30-CR-003,10.5957,-61.3376,Piarco,3.94,0.03,Yes
04/12/2025 09:24:45 AM,CR-003,2025-04-12 09:24:45-CR-003,10.5957,-61.3376,Piarco,3.96,0.026,Yes
04/12/2025 09:25:00 AM,CR-003,2025-04-12 09:25:00-CR-003,10.5957,-61.3376,Piarco,4.0,0.039,Yes
04/12/2025 09:25:15 AM,CR-003,2025-04-12 09:25:15-CR-003,10.5957,-61.3376,Piarco,4.03,0.026,Yes
04/12/2025 09:25:30 AM,CR-003,2025-04-12 09:25:30-CR-003,10.5957,-61.3376,Piarco,4.06,0.031,Yes
04/12/2025 09:25:45 AM,CR-003,2025-04-12 09:25:45-CR-003,10.5957,-61.3376,Piarco,4.1,0.04,Yes
04/12/2025 09:26:00 AM,CR-003,2025-04-12 09:26:00-CR-003,10.5957,-61.3376,Piarco,4.13,0.025,Yes
04/12/2025 09:26:15 AM,CR-003,2025-04-12 09:26:15-CR-003,10.5957,-61.3376,Piarco,4.15,0.024,Yes
04/12/2025 09:26:30 AM,CR-003,2025-04-12 09:26:30-CR-003,10.5957,-61.3376,Piarco,4.18,0.029,Yes
04/12/2025 09:26:45 AM,CR-003,2025-04-12 09:26:45-CR-003,10.5957,-61.3376,Piarco,4.21,0.03,Yes
04/12/2025 09:27:00 AM,CR-003,2025-04-12 09:27:00-CR-003,10.5957,-61.3376,Piarco,4.24,0.035,Yes
04/12/2025 09:27:15 AM,CR-003,2025-04-12 09:27:15-CR-003,10.5957,-61.3376,Piarco,4.28,0.035,Yes
04/12/2025 09:27:30 AM,CR-003,2025-04-12 09:27:30-CR-003,10.5957,-61.3376,Piarco,4.3,0.024,Yes
04/12/2025 09:27:45 AM,CR-003,2025-04-12 09:27:45-CR-003,10.5957,-61.3376,Piarco,4.34,0.032,Yes
04/12/2025 09:28:00 AM,CR-003,2025-04-12 09:28:00-CR-003,10.5957,-61.3376,Piarco,4.37,0.033,Yes
04/12/2025 09:28:15 AM,CR-003,2025-04-12 09:28:15-CR-003,10.5957,-61.3376,Piarco,4.41,0.037,Yes
04/12/2025 09:28:30 AM,CR-003,2025-04-12 09:28:30-CR-003,10.5957,-61.3376,Piarco,4.44,0.034,Yes
04/12/2025 09:28:45 AM,CR-003,2025-04-12 09:28:45-CR-003,10.5957,-61.3376,Piarco,4.48,0.037,Yes
04/12/2025 09:29:00 AM,CR-003,2025-04-12 09:29:00-CR-003,10.5957,-61.3376,Piarco,4.5,0.022,Yes
04/12/2025 09:29:15 AM,CR-003,2025-04-12 09:29:15-CR-003,10.5957,-61.3376,Piarco,4.53,0.033,Yes
04/12/2025 09:29:30 AM,CR-003,2025-04-12 09:29:30-CR-003,10.5957,-61.3376,Piarco,4.56,0.028,Yes
04/12/2025 09:29:45 AM,CR-003,2025-04-12 09:29:45-CR-003,10.5957,-61.3376,Piarco,4.6,0.036,Yes
04/12/2025 09:30:00 AM,CR-003,2025-04-12 09:30:00-CR-003,10.5957,-61.3376,Piarco,4.62,0.028,Yes
04/12/2025 09:00:00 AM,CR-004,2025-04-12 09:00:00-CR-004,10.5989,-61.3222,St. Helena,2.21,0.014,No
04/12/2025 09:00:15 AM,CR-004,2025-04-12 09:00:15-CR-004,10.5989,-61.3222,St. Helena,2.22,0.011,No
04/12/2025 09:00:30 AM,CR-004,2025-04-12 09:00:30-CR-004,10.5989,-61.3222,St. Helena,2.24,0.013,No
04/12/2025 09:00:45 AM,CR-004,2025-04-12 09:00:45-CR-004,10.5989,-61.3222,St. Helena,2.24,0.006,No
04/12/2025 09:01:00 AM,CR-004,2025-04-12 09:01:00-CR-004,10.5989,-61.3222,St. Helena,2.26,0.013,No
04/12/2025 09:01:15 AM,CR-004,2025-04-12 09:01:15-CR-004,10.5989,-61.3222,St. Helena,2.27,0.015,No
04/12/2025 09:01:30 AM,CR-004,2025-04-12 09:01:30-CR-004,10.5989,-61.3222,St. Helena,2.29,0.014,No
04/12/2025 09:01:45 AM,CR-004,2025-04-12 09:01:45-CR-004,10.5989,-61.3222,St. Helena,2.3,0.01,No
04/12/2025 09:02:00 AM,CR-004,2025-04-12 09:02:00-CR-004,10.5989,-61.3222,St. Helena,2.31,0.013,No
04/12/2025 09:02:15 AM,CR-004,2025-04-12 09:02:15-CR-004,10.5989,-61.3222,St. Helena,2.32,0.016,No
04/12/2025 09:02:30 AM,CR-004,2025-04-12 09:02:30-CR-004,10.5989,-61.3222,St. Helena,2.32,-0.005,No
04/12/2025 09:02:45 AM,CR-004,2025-04-12 09:02:45-CR-004,10.5989,-61.3222,St. Helena,2.33,0.013,No
04/12/2025 09:03:00 AM,CR-004,2025-04-12 09:03:00-CR-004,10.5989,-61.3222,St. Helena,2.35,0.015,No
04/12/2025 09:03:15 AM,CR-004,2025-04-12 09:03:15-CR-004,10.5989,-61.3222,St. Helena,2.36,0.015,No
04/12/2025 09:03:30 AM,CR-004,2025-04-12 09:03:30-CR-004,10.5989,-61.3222,St. Helena,2.37,0.004,No
04/12/2025 09:03:45 AM,CR-004,2025-04-12 09:03:45-CR-004,10.5989,-61.3222,St. Helena,2.37,0.009,No
04/12/2025 09:04:00 AM,CR-004,2025-04-12 09:04:00-CR-004,10.5989,-61.3222,St. Helena,2.39,0.011,No
04/12/2025 09:04:15 AM,CR-004,2025-04-12 09:04:15-CR-004,10.5989,-61.3222,St. Helena,2.39,0.006,No
04/12/2025 09:04:30 AM,CR-004,2025-04-12 09:04:30-CR-004,10.5989,-61.3222,St. Helena,2.4,0.004,No
04/12/2025 09:04:45 AM,CR-004,2025-04-12 09:04:45-CR-004,10.5989,-61.3222,St. Helena,2.41,0.016,No
04/12/2025 09:05:00 AM,CR-004,2025-04-12 09:05:00-CR-004,10.5989,-61.3222,St. Helena,2.41,0.001,No
04/12/2025 09:05:15 AM,CR-004,2025-04-12 09:05:15-CR-004,10.5989,-61.3222,St. Helena,2.42,0.008,No
04/12/2025 09:05:30 AM,CR-004,2025-04-12 09:05:30-CR-004,10.5989,-61.3222,St. Helena,2.43,0.008,No
04/12/2025 09:05:45 AM,CR-004,2025-04-12 09:05:45-CR-004,10.5989,-61.3222,St. Helena,2.45,0.019,No
04/12/2025 09:06:00 AM,CR-004,2025-04-12 09:06:00-CR-004,10.5989,-61.3222,St. Helena,2.46,0.013,No
04/12/2025 09:06:15 AM,CR-004,2025-04-12 09:06:15-CR-004,10.5989,-61.3222,St. Helena,2.46,-0.001,No
04/12/2025 09:06:30 AM,CR-004,2025-04-12 09:06:30-CR-004,10.5989,-61.3222,St. Helena,2.47,0.011,No
04/12/2025 09:06:45 AM,CR-004,2025-04-12 09:06:45-CR-004,10.5989,-61.3222,St. Helena,2.48,0.006,No
04/12/2025 09:07:00 AM,CR-004,2025-04-12 09:07:00-CR-004,10.5989,-61.3222,St. Helena,2.49,0.011,No
04/12/2025 09:07:15 AM,CR-004,2025-04-12 09:07:15-CR-004,10.5989,-61.3222,St. Helena,2.5,0.011,No
04/12/2025 09:07:30 AM,CR-004,2025-04-12 09:07:30-CR-004,10.5989,-61.3222,St. Helena,2.51,0.014,No
04/12/2025 09:07:45 AM,CR-004,2025-04-12 09:07:45-CR-004,10.5989,-61.3222,St. Helena,2.52,0.006,No
04/12/2025 09:08:00 AM,CR-004,2025-04-12 09:08:00-CR-004,10.5989,-61.3222,St. Helena,2.53,0.008,No
04/12/2025 09:08:15 AM,CR-004,2025-04-12 09:08:15-CR-004,10.5989,-61.3222,St. Helena,2.55,0.022,No
04/12/2025 09:08:30 AM,CR-004,2025-04-12 09:08:30-CR-004,10.5989,-61.3222,St. Helena,2.57,0.015,No
04/12/2025 09:08:45 AM,CR-004,2025-04-12 09:08:45-CR-004,10.5989,-61.3222,St. Helena,2.57,0.002,No
04/12/2025 09:09:00 AM,CR-004,2025-04-12 09:09:00-CR-004,10.5989,-61.3222,St. Helena,2.58,0.012,No
04/12/2025 09:09:15 AM,CR-004,2025-04-12 09:09:15-CR-004,10.5989,-61.3222,St. Helena,2.6,0.017,No
04/12/2025 09:09:30 AM,CR-004,2025-04-12 09:09:30-CR-004,10.5989,-61.3222,St. Helena,2.6,0.005,No
04/12/2025 09:09:45 AM,CR-004,2025-04-12 09:09:45-CR-004,10.5989,-61.3222,St. Helena,2.61,0.005,No
04/12/2025 09:10:00 AM,CR-004,2025-04-12 09:10:00-CR-004,10.5989,-61.3222,St. Helena,2.62,0.012,No
04/12/2025 09:10:15 AM,CR-004,2025-04-12 09:10:15-CR-004,10.5989,-61.3222,St. Helena,2.63,0.014,No
04/12/2025 09:10:30 AM,CR-004,2025-04-12 09:10:30-CR-004,10.5989,-61.3222,St. Helena,2.64,0.006,No
04/12/2025 09:10:45 AM,CR-004,2025-04-12 09:10:45-CR-004,10.5989,-61.3222,St. Helena,2.64,-0.003,No
04/12/2025 09:11:00 AM,CR-004,2025-04-12 09:11:00-CR-004,10.5989,-61.3222,St. Helena,2.64,0.009,No
04/12/2025 09:11:15 AM,CR-004,2025-04-12 09:11:15-CR-004,10.5989,-61.3222,St. Helena,2.66,0.019,No
04/12/2025 09:11:30 AM,CR-004,2025-04-12 09:11:30-CR-004,10.5989,-61.3222,St. Helena,2.68,0.013,No
04/12/2025 09:11:45 AM,CR-004,2025-04-12 09:11:45-CR-004,10.5989,-61.3222,St. Helena,2.7,0.019,No
04/12/2025 09:12:00 AM,CR-004,2025-04-12 09:12:00-CR-004,10.5989,-61.3222,St. Helena,2.71,0.011,No
04/12/2025 09:12:15 AM,CR-004,2025-04-12 09:12:15-CR-004,10.5989,-61.3222,St. Helena,2.73,0.02,No
04/12/2025 09:12:30 AM,CR-004,2025-04-12 09:12:30-CR-004,10.5989,-61.3222,St. Helena,2.73,0.003,No
04/12/2025 09:12:45 AM,CR-004,2025-04-12 09:12:45-CR-004,10.5989,-61.3222,St. Helena,2.74,0.013,No
04/12/2025 09:13:00 AM,CR-004,2025-04-12 09:13:00-CR-004,10.5989,-61.3222,St. Helena,2.75,0.01,No
04/12/2025 09:13:15 AM,CR-004,2025-04-12 09:13:15-CR-004,10.5989,-61.3222,St. Helena,2.77,0.015,No
04/12/2025 09:13:30 AM,CR-004,2025-04-12 09:13:30-CR-004,10.5989,-61.3222,St. Helena,2.78,0.012,No
04/12/2025 09:13:45 AM,CR-004,2025-04-12 09:13:45-CR-004,10.5989,-61.3222,St. Helena,2.79,0.013,No
04/12/2025 09:14:00 AM,CR-004,2025-04-12 09:14:00-CR-004,10.5989,-61.3222,St. Helena,2.81,0.012,No
04/12/2025 09:14:15 AM,CR-004,2025-04-12 09:14:15-CR-004,10.5989,-61.3222,St. Helena,2.82,0.016,No
04/12/2025 09:14:30 AM,CR-004,2025-04-12 09:14:30-CR-004,10.5989,-61.3222,St. Helena,2.83,0.01,No
04/12/2025 09:14:45 AM,CR-004,2025-04-12 09:14:45-CR-004,10.5989,-61.3222,St. Helena,2.84,0.013,No
04/12/2025 09:15:00 AM,CR-004,2025-04-12 09:15:00-CR-004,10.5989,-61.3222,St. Helena,2.88,0.032,No
04/12/2025 09:15:15 AM,CR-004,2025-04-12 09:15:15-CR-004,10.5989,-61.3222,St. Helena,2.91,0.038,No
04/12/2025 09:15:30 AM,CR-004,2025-04-12 09:15:30-CR-004,10.5989,-61.3222,St. Helena,2.96,0.043,No
04/12/2025 09:15:45 AM,CR-004,2025-04-12 09:15:45-CR-004,10.5989,-61.3222,St. Helena,2.99,0.03,No
04/12/2025 09:16:00 AM,CR-004,2025-04-12 09:16:00-CR-004,10.5989,-61.3222,St. Helena,3.02,0.037,Yes
04/12/2025 09:16:15 AM,CR-004,2025-04-12 09:16:15-CR-004,10.5989,-61.3222,St. Helena,3.05,0.026,Yes
04/12/2025 09:16:30 AM,CR-004,2025-04-12 09:16:30-CR-004,10.5989,-61.3222,St. Helena,3.08,0.033,Yes
04/12/2025 09:16:45 AM,CR-004,2025-04-12 09:16:45-CR-004,10.5989,-61.3222,St. Helena,3.12,0.034,Yes
04/12/2025 09:17:00 AM,CR-004,2025-04-12 09:17:00-CR-004,10.5989,-61.3222,St. Helena,3.15,0.028,Yes
04/12/2025 09:17:15 AM,CR-004,2025-04-12 09:17:15-CR-004,10.5989,-61.3222,St. Helena,3.18,0.034,Yes
04/12/2025 09:17:30 AM,CR-004,2025-04-12 09:17:30-CR-004,10.5989,-61.3222,St. Helena,3.21,0.031,Yes
04/12/2025 09:17:45 AM,CR-004,2025-04-12 09:17:45-CR-004,10.5989,-61.3222,St. Helena,3.23,0.02,Yes
04/12/2025 09:18:00 AM,CR-004,2025-04-12 09:18:00-CR-004,10.5989,-61.3222,St. Helena,3.27,0.037,Yes
04/12/2025 09:18:15 AM,CR-004,2025-04-12 09:18:15-CR-004,10.5989,-61.3222,St. Helena,3.3,0.032,Yes
04/12/2025 09:18:30 AM,CR-004,2025-04-12 09:18:30-CR-004,10.5989,-61.3222,St. Helena,3.33,0.028,Yes
04/12/2025 09:18:45 AM,CR-004,2025-04-12 09:18:45-CR-004,10.5989,-61.3222,St. Helena,3.36,0.03,Yes
04/12/2025 09:19:00 AM,CR-004,2025-04-12 09:19:00-CR-004,10.5989,-61.3222,St. Helena,3.38,0.027,Yes
04/12/2025 09:19:15 AM,CR-004,2025-04-12 09:19:15-CR-004,10.5989,-61.3222,St. Helena,3.41,0.026,Yes
04/12/2025 09:19:30 AM,CR-004,2025-04-12 09:19:30-CR-004,10.5989,-61.3222,St. Helena,3.44,0.033,Yes
04/12/2025 09:19:45 AM,CR-004,2025-04-12 09:19:45-CR-004,10.5989,-61.3222,St. Helena,3.48,0.035,Yes
04/12/2025 09:20:00 AM,CR-004,2025-04-12 09:20:00-CR-004,10.5989,-61.3222,St. Helena,3.51,0.027,Yes
04/12/2025 09:20:15 AM,CR-004,2025-04-12 09:20:15-CR-004,10.5989,-61.3222,St. Helena,3.54,0.032,Yes
04/12/2025 09:20:30 AM,CR-004,2025-04-12 09:20:30-CR-004,10.5989,-61.3222,St. Helena,3.56,0.026,Yes
04/12/2025 09:20:45 AM,CR-004,2025-04-12 09:20:45-CR-004,10.5989,-61.3222,St. Helena,3.59,0.03,Yes
04/12/2025 09:21:00 AM,CR-004,2025-04-12 09:21:00-CR-004,10.5989,-61.3222,St. Helena,3.63,0.033,Yes
04/12/2025 09:21:15 AM,CR-004,2025-04-12 09:21:15-CR-004,10.5989,-61.3222,St. Helena,3.66,0.03,Yes
04/12/2025 09:21:30 AM,CR-004,2025-04-12 09:21:30-CR-004,10.5989,-61.3222,St. Helena,3.68,0.026,Yes
04/12/2025 09:21:45 AM,CR-004,2025-04-12 09:21:45-CR-004,10.5989,-61.3222,St. Helena,3.71,0.031,Yes
04/12/2025 09:22:00 AM,CR-004,2025-04-12 09:22:00-CR-004,10.5989,-61.3222,St. Helena,3.74,0.032,Yes
04/12/2025 09:22:15 AM,CR-004,2025-04-12 09:22:15-CR-004,10.5989,-61.3222,St. Helena,3.77,0.025,Yes
04/12/2025 09:22:30 AM,CR-004,2025-04-12 09:22:30-CR-004,10.5989,-61.3222,St. Helena,3.8,0.036,Yes
04/12/2025 09:22:45 AM,CR-004,2025-04-12 09:22:45-CR-004,10.5989,-61.3222,St. Helena,3.84,0.031,Yes
04/12/2025 09:23:00 AM,CR-004,2025-04-12 09:23:00-CR-004,10.5989,-61.3222,St. Helena,3.87,0.032,Yes
04/12/2025 09:23:15 AM,CR-004,2025-04-12 09:23:15-CR-004,10.5989,-61.3222,St. Helena,3.89,0.027,Yes
04/12/2025 09:23:30 AM,CR-004,2025-04-12 09:23:30-CR-004,10.5989,-61.3222,St. Helena,3.92,0.028,Yes
04/12/2025 09:23:45 AM,CR-004,2025-04-12 09:23:45-CR-004,10.5989,-61.3222,St. Helena,3.96,0.04,Yes
04/12/2025 09:24:00 AM,CR-004,2025-04-12 09:24:00-CR-004,10.5989,-61.3222,St. Helena,4.0,0.033,Yes
04/12/2025 09:24:15 AM,CR-004,2025-04-12 09:24:15-CR-004,10.5989,-61.3222,St. Helena,4.03,0.031,Yes
04/12/2025 09:24:30 AM,CR-004,2025-04-12 09:24:30-CR-004,10.5989,-61.3222,St. Helena,4.05,0.028,Yes
04/12/2025 09:24:45 AM,CR-004,2025-04-12 09:24:45-CR-004,10.5989,-61.3222,St. Helena,4.08,0.027,Yes
04/12/2025 09:25:00 AM,CR-004,2025-04-12 09:25:00-CR-004,10.5989,-61.3222,St. Helena,4.11,0.032,Yes
04/12/2025 09:25:15 AM,CR-004,2025-04-12 09:25:15-CR-004,10.5989,-61.3222,St. Helena,4.14,0.029,Yes
04/12/2025 09:25:30 AM,CR-004,2025-04-12 09:25:30-CR-004,10.5989,-61.3222,St. Helena,4.17,0.032,Yes
04/12/2025 09:25:45 AM,CR-004,2025-04-12 09:25:45-CR-004,10.5989,-61.3222,St. Helena,4.21,0.031,Yes
04/12/2025 09:26:00 AM,CR-004,2025-04-12 09:26:00-CR-004,10.5989,-61.3222,St. Helena,4.23,0.028,Yes
04/12/2025 09:26:15 AM,CR-004,2025-04-12 09:26:15-CR-004,10.5989,-61.3222,St. Helena,4.27,0.036,Yes
04/12/2025 09:26:30 AM,CR-004,2025-04-12 09:26:30-CR-004,10.5989,-61.3222,St. Helena,4.31,0.036,Yes
04/12/2025 09:26:45 AM,CR-004,2025-04-12 09:26:45-CR-004,10.5989,-61.3222,St. Helena,4.33,0.026,Yes
04/12/2025 09:27:00 AM,CR-004,2025-04-12 09:27:00-CR-004,10.5989,-61.3222,St. Helena,4.36,0.03,Yes
04/12/2025 09:27:15 AM,CR-004,2025-04-12 09:27:15-CR-004,10.5989,-61.3222,St. Helena,4.39,0.028,Yes
04/12/2025 09:27:30 AM,CR-004,2025-04-12 09:27:30-CR-004,10.5989,-61.3222,St. Helena,4.41,0.022,Yes
04/12/2025 09:27:45 AM,CR-004,2025-04-12 09:27:45-CR-004,10.5989,-61.3222,St. Helena,4.45,0.037,Yes
04/12/2025 09:28:00 AM,CR-004,2025-04-12 09:28:00-CR-004,10.5989,-61.3222,St. Helena,4.48,0.031,Yes
04/12/2025 09:28:15 AM,CR-004,2025-04-12 09:28:15-CR-004,10.5989,-61.3222,St. Helena,4.51,0.034,Yes
04/12/2025 09:28:30 AM,CR-004,2025-04-12 09:28:30-CR-004,10.5989,-61.3222,St. Helena,4.54,0.028,Yes
04/12/2025 09:28:45 AM,CR-004,2025-04-12 09:28:45-CR-004,10.5989,-61.3222,St. Helena,4.57,0.027,Yes
04/12/2025 09:29:00 AM,CR-004,2025-04-12 09:29:00-CR-004,10.5989,-61.3222,St. Helena,4.6,0.026,Yes
04/12/2025 09:29:15 AM,CR-004,2025-04-12 09:29:15-CR-004,10.5989,-61.3222,St. Helena,4.63,0.031,Yes
04/12/2025 09:29:30 AM,CR-004,2025-04-12 09:29:30-CR-004,10.5989,-61.3222,St. Helena,4.65,0.023,Yes
04/12/2025 09:29:45 AM,CR-004,2025-04-12 09:29:45-CR-004,10.5989,-61.3222,St. Helena,4.68,0.032,Yes
04/12/2025 09:30:00 AM,CR-004,2025-04-12 09:30:00-CR-004,10.5989,-61.3222,St. Helena,4.71,0.026,Yes
04/12/2025 09:00:00 AM,CR-005,2025-04-12 09:00:00-CR-005,10.5164,-61.4115,Chaguanas,2.21,0.012,No
04/12/2025 09:00:15 AM,CR-005,2025-04-12 09:00:15-CR-005,10.5164,-61.4115,Chaguanas,2.22,0.009,No
04/12/2025 09:00:30 AM,CR-005,2025-04-12 09:00:30-CR-005,10.5164,-61.4115,Chaguanas,2.23,0.007,No
04/12/2025 09:00:45 AM,CR-005,2025-04-12 09:00:45-CR-005,10.5164,-61.4115,Chaguanas,2.23,0.007,No
04/12/2025 09:01:00 AM,CR-005,2025-04-12 09:01:00-CR-005,10.5164,-61.4115,Chaguanas,2.25,0.018,No
04/12/2025 09:01:15 AM,CR-005,2025-04-12 09:01:15-CR-005,10.5164,-61.4115,Chaguanas,2.26,0.006,No
04/12/2025 09:01:30 AM,CR-005,2025-04-12 09:01:30-CR-005,10.5164,-61.4115,Chaguanas,2.27,0.008,No
04/12/2025 09:01:45 AM,CR-005,2025-04-12 09:01:45-CR-005,10.5164,-61.4115,Chaguanas,2.28,0.012,No
04/12/2025 09:02:00 AM,CR-005,2025-04-12 09:02:00-CR-005,10.5164,-61.4115,Chaguanas,2.29,0.008,No
04/12/2025 09:02:15 AM,CR-005,2025-04-12 09:02:15-CR-005,10.5164,-61.4115,Chaguanas,2.3,0.013,No
04/12/2025 09:02:30 AM,CR-005,2025-04-12 09:02:30-CR-005,10.5164,-61.4115,Chaguanas,2.31,0.009,No
04/12/2025 09:02:45 AM,CR-005,2025-04-12 09:02:45-CR-005,10.5164,-61.4115,Chaguanas,2.32,0.009,No
04/12/2025 09:03:00 AM,CR-005,2025-04-12 09:03:00-CR-005,10.5164,-61.4115,Chaguanas,2.33,0.013,No
04/12/2025 09:03:15 AM,CR-005,2025-04-12 09:03:15-CR-005,10.5164,-61.4115,Chaguanas,2.34,0.015,No
04/12/2025 09:03:30 AM,CR-005,2025-04-12 09:03:30-CR-005,10.5164,-61.4115,Chaguanas,2.35,0.002,No
04/12/2025 09:03:45 AM,CR-005,2025-04-12 09:03:45-CR-005,10.5164,-61.4115,Chaguanas,2.36,0.018,No
04/12/2025 09:04:00 AM,CR-005,2025-04-12 09:04:00-CR-005,10.5164,-61.4115,Chaguanas,2.37,0.009,No
04/12/2025 09:04:15 AM,CR-005,2025-04-12 09:04:15-CR-005,10.5164,-61.4115,Chaguanas,2.38,0.006,No
04/12/2025 09:04:30 AM,CR-005,2025-04-12 09:04:30-CR-005,10.5164,-61.4115,Chaguanas,2.38,0.003,No
04/12/2025 09:04:45 AM,CR-005,2025-04-12 09:04:45-CR-005,10.5164,-61.4115,Chaguanas,2.39,0.007,No
04/12/2025 09:05:00 AM,CR-005,2025-04-12 09:05:00-CR-005,10.5164,-61.4115,Chaguanas,2.4,0.009,No
04/12/2025 09:05:15 AM,CR-005,2025-04-12 09:05:15-CR-005,10.5164,-61.4115,Chaguanas,2.41,0.014,No
04/12/2025 09:05:30 AM,CR-005,2025-04-12 09:05:30-CR-005,10.5164,-61.4115,Chaguanas,2.41,0.001,No
04/12/2025 09:05:45 AM,CR-005,2025-04-12 09:05:45-CR-005,10.5164,-61.4115,Chaguanas,2.43,0.015,No
04/12/2025 09:06:00 AM,CR-005,2025-04-12 09:06:00-CR-005,10.5164,-61.4115,Chaguanas,2.43,0.005,No
04/12/2025 09:06:15 AM,CR-005,2025-04-12 09:06:15-CR-005,10.5164,-61.4115,Chaguanas,2.45,0.011,No
04/12/2025 09:06:30 AM,CR-005,2025-04-12 09:06:30-CR-005,10.5164,-61.4115,Chaguanas,2.46,0.01,No
04/12/2025 09:06:45 AM,CR-005,2025-04-12 09:06:45-CR-005,10.5164,-61.4115,Chaguanas,2.47,0.012,No
04/12/2025 09:07:00 AM,CR-005,2025-04-12 09:07:00-CR-005,10.5164,-61.4115,Chaguanas,2.46,-0.005,No
04/12/2025 09:07:15 AM,CR-005,2025-04-12 09:07:15-CR-005,10.5164,-61.4115,Chaguanas,2.48,0.014,No
04/12/2025 09:07:30 AM,CR-005,2025-04-12 09:07:30-CR-005,10.5164,-61.4115,Chaguanas,2.49,0.01,No
04/12/2025 09:07:45 AM,CR-005,2025-04-12 09:07:45-CR-005,10.5164,-61.4115,Chaguanas,2.5,0.015,No
04/12/2025 09:08:00 AM,CR-005,2025-04-12 09:08:00-CR-005,10.5164,-61.4115,Chaguanas,2.52,0.023,No
04/12/2025 09:08:15 AM,CR-005,2025-04-12 09:08:15-CR-005,10.5164,-61.4115,Chaguanas,2.53,0.008,No
04/12/2025 09:08:30 AM,CR-005,2025-04-12 09:08:30-CR-005,10.5164,-61.4115,Chaguanas,2.53,0.002,No
04/12/2025 09:08:45 AM,CR-005,2025-04-12 09:08:45-CR-005,10.5164,-61.4115,Chaguanas,2.54,0.009,No
04/12/2025 09:09:00 AM,CR-005,2025-04-12 09:09:00-CR-005,10.5164,-61.4115,Chaguanas,2.55,0.009,No
04/12/2025 09:09:15 AM,CR-005,2025-04-12 09:09:15-CR-005,10.5164,-61.4115,Chaguanas,2.56,0.011,No
04/12/2025 09:09:30 AM,CR-005,2025-04-12 09:09:30-CR-005,10.5164,-61.4115,Chaguanas,2.58,0.016,No
04/12/2025 09:09:45 AM,CR-005,2025-04-12 09:09:45-CR-005,10.5164,-61.4115,Chaguanas,2.59,0.013,No
04/12/2025 09:10:00 AM,CR-005,2025-04-12 09:10:00-CR-005,10.5164,-61.4115,Chaguanas,2.61,0.017,No
04/12/2025 09:10:15 AM,CR-005,2025-04-12 09:10:15-CR-005,10.5164,-61.4115,Chaguanas,2.61,0.003,No
04/12/2025 09:10:30 AM,CR-005,2025-04-12 09:10:30-CR-005,10.5164,-61.4115,Chaguanas,2.62,0.008,No
04/12/2025 09:10:45 AM,CR-005,2025-04-12 09:10:45-CR-005,10.5164,-61.4115,Chaguanas,2.63,0.007,No
04/12/2025 09:11:00 AM,CR-005,2025-04-12 09:11:00-CR-005,10.5164,-61.4115,Chaguanas,2.64,0.012,No
04/12/2025 09:11:15 AM,CR-005,2025-04-12 09:11:15-CR-005,10.5164,-61.4115,Chaguanas,2.66,0.017,No
04/12/2025 09:11:30 AM,CR-005,2025-04-12 09:11:30-CR-005,10.5164,-61.4115,Chaguanas,2.67,0.017,No
04/12/2025 09:11:45 AM,CR-005,2025-04-12 09:11:45-CR-005,10.5164,-61.4115,Chaguanas,2.67,0.001,No
04/12/2025 09:12:00 AM,CR-005,2025-04-12 09:12:00-CR-005,10.5164,-61.4115,Chaguanas,2.69,0.014,No
04/12/2025 09:12:15 AM,CR-005,2025-04-12 09:12:15-CR-005,10.5164,-61.4115,Chaguanas,2.68,-0.004,No
04/12/2025 09:12:30 AM,CR-005,2025-04-12 09:12:30-CR-005,10.5164,-61.4115,Chaguanas,2.69,0.01,No
04/12/2025 09:12:45 AM,CR-005,2025-04-12 09:12:45-CR-005,10.5164,-61.4115,Chaguanas,2.71,0.017,No
04/12/2025 09:13:00 AM,CR-005,2025-04-12 09:13:00-CR-005,10.5164,-61.4115,Chaguanas,2.71,0.001,No
04/12/2025 09:13:15 AM,CR-005,2025-04-12 09:13:15-CR-005,10.5164,-61.4115,Chaguanas,2.73,0.018,No
04/12/2025 09:13:30 AM,CR-005,2025-04-12 09:13:30-CR-005,10.5164,-61.4115,Chaguanas,2.74,0.009,No
04/12/2025 09:13:45 AM,CR-005,2025-04-12 09:13:45-CR-005,10.5164,-61.4115,Chaguanas,2.74,0.003,No
04/12/2025 09:14:00 AM,CR-005,2025-04-12 09:14:00-CR-005,10.5164,-61.4115,Chaguanas,2.74,-0.002,No
04/12/2025 09:14:15 AM,CR-005,2025-04-12 09:14:15-CR-005,10.5164,-61.4115,Chaguanas,2.75,0.011,No
04/12/2025 09:14:30 AM,CR-005,2025-04-12 09:14:30-CR-005,10.5164,-61.4115,Chaguanas,2.77,0.015,No
04/12/2025 09:14:45 AM,CR-005,2025-04-12 09:14:45-CR-005,10.5164,-61.4115,Chaguanas,2.77,0.003,No
04/12/2025 09:15:00 AM,CR-005,2025-04-12 09:15:00-CR-005,10.5164,-61.4115,Chaguanas,2.8,0.029,No
04/12/2025 09:15:15 AM,CR-005,2025-04-12 09:15:15-CR-005,10.5164,-61.4115,Chaguanas,2.83,0.037,No
04/12/2025 09:15:30 AM,CR-005,2025-04-12 09:15:30-CR-005,10.5164,-61.4115,Chaguanas,2.86,0.031,No
04/12/2025 09:15:45 AM,CR-005,2025-04-12 09:15:45-CR-005,10.5164,-61.4115,Chaguanas,2.9,0.037,No
04/12/2025 09:16:00 AM,CR-005,2025-04-12 09:16:00-CR-005,10.5164,-61.4115,Chaguanas,2.92,0.022,No
04/12/2025 09:16:15 AM,CR-005,2025-04-12 09:16:15-CR-005,10.5164,-61.4115,Chaguanas,2.96,0.04,No
04/12/2025 09:16:30 AM,CR-005,2025-04-12 09:16:30-CR-005,10.5164,-61.4115,Chaguanas,2.99,0.025,No
04/12/2025 09:16:45 AM,CR-005,2025-04-12 09:16:45-CR-005,10.5164,-61.4115,Chaguanas,3.02,0.03,Yes
04/12/2025 09:17:00 AM,CR-005,2025-04-12 09:17:00-CR-005,10.5164,-61.4115,Chaguanas,3.05,0.028,Yes
04/12/2025 09:17:15 AM,CR-005,2025-04-12 09:17:15-CR-005,10.5164,-61.4115,Chaguanas,3.08,0.036,Yes
04/12/2025 09:17:30 AM,CR-005,2025-04-12 09:17:30-CR-005,10.5164,-61.4115,Chaguanas,3.11,0.027,Yes
04/12/2025 09:17:45 AM,CR-005,2025-04-12 09:17:45-CR-005,10.5164,-61.4115,Chaguanas,3.14,0.029,Yes
04/12/2025 09:18:00 AM,CR-005,2025-04-12 09:18:00-CR-005,10.5164,-61.4115,Chaguanas,3.17,0.034,Yes
04/12/2025 09:18:15 AM,CR-005,2025-04-12 09:18:15-CR-005,10.5164,-61.4115,Chaguanas,3.21,0.037,Yes
04/12/2025 09:18:30 AM,CR-005,2025-04-12 09:18:30-CR-005,10.5164,-61.4115,Chaguanas,3.23,0.025,Yes
04/12/2025 09:18:45 AM,CR-005,2025-04-12 09:18:45-CR-005,10.5164,-61.4115,Chaguanas,3.26,0.031,Yes
04/12/2025 09:19:00 AM,CR-005,2025-04-12 09:19:00-CR-005,10.5164,-61.4115,Chaguanas,3.29,0.025,Yes
04/12/2025 09:19:15 AM,CR-005,2025-04-12 09:19:15-CR-005,10.5164,-61.4115,Chaguanas,3.32,0.029,Yes
04/12/2025 09:19:30 AM,CR-005,2025-04-12 09:19:30-CR-005,10.5164,-61.4115,Chaguanas,3.35,0.036,Yes
04/12/2025 09:19:45 AM,CR-005,2025-04-12 09:19:45-CR-005,10.5164,-61.4115,Chaguanas,3.38,0.028,Yes
04/12/2025 09:20:00 AM,CR-005,2025-04-12 09:20:00-CR-005,10.5164,-61.4115,Chaguanas,3.41,0.028,Yes
04/12/2025 09:20:15 AM,CR-005,2025-04-12 09:20:15-CR-005,10.5164,-61.4115,Chaguanas,3.44,0.028,Yes
04/12/2025 09:20:30 AM,CR-005,2025-04-12 09:20:30-CR-005,10.5164,-61.4115,Chaguanas,3.47,0.03,Yes
04/12/2025 09:20:45 AM,CR-005,2025-04-12 09:20:45-CR-005,10.5164,-61.4115,Chaguanas,3.5,0.028,Yes
04/12/2025 09:21:00 AM,CR-005,2025-04-12 09:21:00-CR-005,10.5164,-61.4115,Chaguanas,3.54,0.038,Yes
04/12/2025 09:21:15 AM,CR-005,2025-04-12 09:21:15-CR-005,10.5164,-61.4115,Chaguanas,3.57,0.032,Yes
04/12/2025 09:21:30 AM,CR-005,2025-04-12 09:21:30-CR-005,10.5164,-61.4115,Chaguanas,3.6,0.03,Yes
04/12/2025 09:21:45 AM,CR-005,2025-04-12 09:21:45-CR-005,10.5164,-61.4115,Chaguanas,3.62,0.022,Yes
04/12/2025 09:22:00 AM,CR-005,2025-04-12 09:22:00-CR-005,10.5164,-61.4115,Chaguanas,3.64,0.024,Yes
04/12/2025 09:22:15 AM,CR-005,2025-04-12 09:22:15-CR-005,10.5164,-61.4115,Chaguanas,3.67,0.027,Yes
04/12/2025 09:22:30 AM,CR-005,2025-04-12 09:22:30-CR-005,10.5164,-61.4115,Chaguanas,3.7,0.03,Yes
04/12/2025 09:22:45 AM,CR-005,2025-04-12 09:22:45-CR-005,10.5164,-61.4115,Chaguanas,3.74,0.038,Yes
04/12/2025 09:23:00 AM,CR-005,2025-04-12 09:23:00-CR-005,10.5164,-61.4115,Chaguanas,3.77,0.029,Yes
04/12/2025 09:23:15 AM,CR-005,2025-04-12 09:23:15-CR-005,10.5164,-61.4115,Chaguanas,3.8,0.028,Yes
04/12/2025 09:23:30 AM,CR-005,2025-04-12 09:23:30-CR-005,10.5164,-61.4115,Chaguanas,3.82,0.029,Yes
04/12/2025 09:23:45 AM,CR-005,2025-04-12 09:23:45-CR-005,10.5164,-61.4115,Chaguanas,3.85,0.027,Yes
04/12/2025 09:24:00 AM,CR-005,2025-04-12 09:24:00-CR-005,10.5164,-61.4115,Chaguanas,3.89,0.041,Yes
04/12/2025 09:24:15 AM,CR-005,2025-04-12 09:24:15-CR-005,10.5164,-61.4115,Chaguanas,3.92,0.024,Yes
04/12/2025 09:24:30 AM,CR-005,2025-04-12 09:24:30-CR-005,10.5164,-61.4115,Chaguanas,3.94,0.023,Yes
04/12/2025 09:24:45 AM,CR-005,2025-04-12 09:24:45-CR-005,10.5164,-61.4115,Chaguanas,3.97,0.028,Yes
04/12/2025 09:25:00 AM,CR-005,2025-04-12 09:25:00-CR-005,10.5164,-61.4115,Chaguanas,4.0,0.034,Yes
04/12/2025 09:25:15 AM,CR-005,2025-04-12 09:25:15-CR-005,10.5164,-61.4115,Chaguanas,4.03,0.027,Yes
04/12/2025 09:25:30 AM,CR-005,2025-04-12 09:25:30-CR-005,10.5164,-61.4115,Chaguanas,4.06,0.035,Yes
04/12/2025 09:25:45 AM,CR-005,2025-04-12 09:25:45-CR-005,10.5164,-61.4115,Chaguanas,4.08,0.022,Yes
04/12/2025 09:26:00 AM,CR-005,2025-04-12 09:26:00-CR-005,10.5164,-61.4115,Chaguanas,4.12,0.034,Yes
04/12/2025 09:26:15 AM,CR-005,2025-04-12 09:26:15-CR-005,10.5164,-61.4115,Chaguanas,4.15,0.03,Yes
04/12/2025 09:26:30 AM,CR-005,2025-04-12 09:26:30-CR-005,10.5164,-61.4115,Chaguanas,4.18,0.034,Yes
04/12/2025 09:26:45 AM,CR-005,2025-04-12 09:26:45-CR-005,10.5164,-61.4115,Chaguanas,4.21,0.031,Yes
04/12/2025 09:27:00 AM,CR-005,2025-04-12 09:27:00-CR-005,10.5164,-61.4115,Chaguanas,4.24,0.026,Yes
04/12/2025 09:27:15 AM,CR-005,2025-04-12 09:27:15-CR-005,10.5164,-61.4115,Chaguanas,4.27,0.034,Yes
04/12/2025 09:27:30 AM,CR-005,2025-04-12 09:27:30-CR-005,10.5164,-61.4115,Chaguanas,4.31,0.039,Yes
04/12/2025 09:27:45 AM,CR-005,2025-04-12 09:27:45-CR-005,10.5164,-61.4115,Chaguanas,4.34,0.033,Yes
04/12/2025 09:28:00 AM,CR-005,2025-04-12 09:28:00-CR-005,10.5164,-61.4115,Chaguanas,4.37,0.031,Yes
04/12/2025 09:28:15 AM,CR-005,2025-04-12 09:28:15-CR-005,10.5164,-61.4115,Chaguanas,4.41,0.036,Yes
04/12/2025 09:28:30 AM,CR-005,2025-04-12 09:28:30-CR-005,10.5164,-61.4115,Chaguanas,4.44,0.031,Yes
04/12/2025 09:28:45 AM,CR-005,2025-04-12 09:28:45-CR-005,10.5164,-61.4115,Chaguanas,4.47,0.027,Yes
04/12/2025 09:29:00 AM,CR-005,2025-04-12 09:29:00-CR-005,10.5164,-61.4115,Chaguanas,4.49,0.025,Yes
04/12/2025 09:29:15 AM,CR-005,2025-04-12 09:29:15-CR-005,10.5164,-61.4115,Chaguanas,4.52,0.027,Yes
04/12/2025 09:29:30 AM,CR-005,2025-04-12 09:29:30-CR-005,10.5164,-61.4115,Chaguanas,4.55,0.03,Yes
04/12/2025 09:29:45 AM,CR-005,2025-04-12 09:29:45-CR-005,10.5164,-61.4115,Chaguanas,4.58,0.027,Yes
04/12/2025 09:30:00 AM,CR-005,2025-04-12 09:30:00-CR-005,10.5164,-61.4115,Chaguanas,4.61,0.033,Yes
04/12/2025 09:00:00 AM,CR-006,2025-04-12 09:00:00-CR-006,10.6102,-61.3361,Kelly Village,2.2,0.001,No
04/12/2025 09:00:15 AM,CR-006,2025-04-12 09:00:15-CR-006,10.6102,-61.3361,Kelly Village,2.21,0.009,No
04/12/2025 09:00:30 AM,CR-006,2025-04-12 09:00:30-CR-006,10.6102,-61.3361,Kelly Village,2.23,0.021,No
04/12/2025 09:00:45 AM,CR-006,2025-04-12 09:00:45-CR-006,10.6102,-61.3361,Kelly Village,2.24,0.012,No
04/12/2025 09:01:00 AM,CR-006,2025-04-12 09:01:00-CR-006,10.6102,-61.3361,Kelly Village,2.25,0.004,No
04/12/2025 09:01:15 AM,CR-006,2025-04-12 09:01:15-CR-006,10.6102,-61.3361,Kelly Village,2.25,0.004,No
04/12/2025 09:01:30 AM,CR-006,2025-04-12 09:01:30-CR-006,10.6102,-61.3361,Kelly Village,2.27,0.015,No
04/12/2025 09:01:45 AM,CR-006,2025-04-12 09:01:45-CR-006,10.6102,-61.3361,Kelly Village,2.27,0.002,No
04/12/2025 09:02:00 AM,CR-006,2025-04-12 09:02:00-CR-006,10.6102,-61.3361,Kelly Village,2.27,0.001,No
04/12/2025 09:02:15 AM,CR-006,2025-04-12 09:02:15-CR-006,10.6102,-61.3361,Kelly Village,2.28,0.008,No
04/12/2025 09:02:30 AM,CR-006,2025-04-12 09:02:30-CR-006,10.6102,-61.3361,Kelly Village,2.29,0.015,No
04/12/2025 09:02:45 AM,CR-006,2025-04-12 09:02:45-CR-006,10.6102,-61.3361,Kelly Village,2.3,0.012,No
04/12/2025 09:03:00 AM,CR-006,2025-04-12 09:03:00-CR-006,10.6102,-61.3361,Kelly Village,2.31,0.011,No
04/12/2025 09:03:15 AM,CR-006,2025-04-12 09:03:15-CR-006,10.6102,-61.3361,Kelly Village,2.33,0.013,No
04/12/2025 09:03:30 AM,CR-006,2025-04-12 09:03:30-CR-006,10.6102,-61.3361,Kelly Village,2.33,0.007,No
04/12/2025 09:03:45 AM,CR-006,2025-04-12 09:03:45-CR-006,10.6102,-61.3361,Kelly Village,2.35,0.014,No
04/12/2025 09:04:00 AM,CR-006,2025-04-12 09:04:00-CR-006,10.6102,-61.3361,Kelly Village,2.35,0.005,No
04/12/2025 09:04:15 AM,CR-006,2025-04-12 09:04:15-CR-006,10.6102,-61.3361,Kelly Village,2.36,0.008,No
04/12/2025 09:04:30 AM,CR-006,2025-04-12 09:04:30-CR-006,10.6102,-61.3361,Kelly Village,2.38,0.015,No
04/12/2025 09:04:45 AM,CR-006,2025-04-12 09:04:45-CR-006,10.6102,-61.3361,Kelly Village,2.4,0.019,No
04/12/2025 09:05:00 AM,CR-006,2025-04-12 09:05:00-CR-006,10.6102,-61.3361,Kelly Village,2.41,0.015,No
04/12/2025 09:05:15 AM,CR-006,2025-04-12 09:05:15-CR-006,10.6102,-61.3361,Kelly Village,2.42,0.008,No
04/12/2025 09:05:30 AM,CR-006,2025-04-12 09:05:30-CR-006,10.6102,-61.3361,Kelly Village,2.43,0.012,No
04/12/2025 09:05:45 AM,CR-006,2025-04-12 09:05:45-CR-006,10.6102,-61.3361,Kelly Village,2.44,0.01,No
04/12/2025 09:06:00 AM,CR-006,2025-04-12 09:06:00-CR-006,10.6102,-61.3361,Kelly Village,2.45,0.006,No
04/12/2025 09:06:15 AM,CR-006,2025-04-12 09:06:15-CR-006,10.6102,-61.3361,Kelly Village,2.45,0.006,No
04/12/2025 09:06:30 AM,CR-006,2025-04-12 09:06:30-CR-006,10.6102,-61.3361,Kelly Village,2.47,0.014,No
04/12/2025 09:06:45 AM,CR-006,2025-04-12 09:06:45-CR-006,10.6102,-61.3361,Kelly Village,2.48,0.013,No
04/12/2025 09:07:00 AM,CR-006,2025-04-12 09:07:00-CR-006,10.6102,-61.3361,Kelly Village,2.49,0.01,No
04/12/2025 09:07:15 AM,CR-006,2025-04-12 09:07:15-CR-006,10.6102,-61.3361,Kelly Village,2.49,0.005,No
04/12/2025 09:07:30 AM,CR-006,2025-04-12 09:07:30-CR-006,10.6102,-61.3361,Kelly Village,2.5,0.009,No
04/12/2025 09:07:45 AM,CR-006,2025-04-12 09:07:45-CR-006,10.6102,-61.3361,Kelly Village,2.51,0.005,No
04/12/2025 09:08:00 AM,CR-006,2025-04-12 09:08:00-CR-006,10.6102,-61.3361,Kelly Village,2.51,-0.001,No
04/12/2025 09:08:15 AM,CR-006,2025-04-12 09:08:15-CR-006,10.6102,-61.3361,Kelly Village,2.52,0.009,No
04/12/2025 09:08:30 AM,CR-006,2025-04-12 09:08:30-CR-006,10.6102,-61.3361,Kelly Village,2.53,0.018,No
04/12/2025 09:08:45 AM,CR-006,2025-04-12 09:08:45-CR-006,10.6102,-61.3361,Kelly Village,2.55,0.013,No
04/12/2025 09:09:00 AM,CR-006,2025-04-12 09:09:00-CR-006,10.6102,-61.3361,Kelly Village,2.56,0.014,No
04/12/2025 09:09:15 AM,CR-006,2025-04-12 09:09:15-CR-006,10.6102,-61.3361,Kelly Village,2.56,-0.001,No
04/12/2025 09:09:30 AM,CR-006,2025-04-12 09:09:30-CR-006,10.6102,-61.3361,Kelly Village,2.58,0.018,No
04/12/2025 09:09:45 AM,CR-006,2025-04-12 09:09:45-CR-006,10.6102,-61.3361,Kelly Village,2.58,0.004,No
04/12/2025 09:10:00 AM,CR-006,2025-04-12 09:10:00-CR-006,10.6102,-61.3361,Kelly Village,2.59,0.004,No
04/12/2025 09:10:15 AM,CR-006,2025-04-12 09:10:15-CR-006,10.6102,-61.3361,Kelly Village,2.6,0.014,No
04/12/2025 09:10:30 AM,CR-006,2025-04-12 09:10:30-CR-006,10.6102,-61.3361,Kelly Village,2.61,0.011,No
04/12/2025 09:10:45 AM,CR-006,2025-04-12 09:10:45-CR-006,10.6102,-61.3361,Kelly Village,2.62,0.01,No
04/12/2025 09:11:00 AM,CR-006,2025-04-12 09:11:00-CR-006,10.6102,-61.3361,Kelly Village,2.64,0.015,No
04/12/2025 09:11:15 AM,CR-006,2025-04-12 09:11:15-CR-006,10.6102,-61.3361,Kelly Village,2.64,0.006,No
04/12/2025 09:11:30 AM,CR-006,2025-04-12 09:11:30-CR-006,10.6102,-61.3361,Kelly Village,2.64,0.0,No
04/12/2025 09:11:45 AM,CR-006,2025-04-12 09:11:45-CR-006,10.6102,-61.3361,Kelly Village,2.65,0.007,No
04/12/2025 09:12:00 AM,CR-006,2025-04-12 09:12:00-CR-006,10.6102,-61.3361,Kelly Village,2.67,0.016,No
04/12/2025 09:12:15 AM,CR-006,2025-04-12 09:12:15-CR-006,10.6102,-61.3361,Kelly Village,2.68,0.015,No
04/12/2025 09:12:30 AM,CR-006,2025-04-12 09:12:30-CR-006,10.6102,-61.3361,Kelly Village,2.7,0.019,No
04/12/2025 09:12:45 AM,CR-006,2025-04-12 09:12:45-CR-006,10.6102,-61.3361,Kelly Village,2.71,0.006,No
04/12/2025 09:13:00 AM,CR-006,2025-04-12 09:13:00-CR-006,10.6102,-61.3361,Kelly Village,2.7,-0.001,No
04/12/2025 09:13:15 AM,CR-006,2025-04-12 09:13:15-CR-006,10.6102,-61.3361,Kelly Village,2.71,0.01,No
04/12/2025 09:13:30 AM,CR-006,2025-04-12 09:13:30-CR-006,10.6102,-61.3361,Kelly Village,2.72,0.009,No
04/12/2025 09:13:45 AM,CR-006,2025-04-12 09:13:45-CR-006,10.6102,-61.3361,Kelly Village,2.74,0.012,No
04/12/2025 09:14:00 AM,CR-006,2025-04-12 09:14:00-CR-006,10.6102,-61.3361,Kelly Village,2.74,0.009,No
04/12/2025 09:14:15 AM,CR-006,2025-04-12 09:14:15-CR-006,10.6102,-61.3361,Kelly Village,2.76,0.011,No
04/12/2025 09:14:30 AM,CR-006,2025-04-12 09:14:30-CR-006,10.6102,-61.3361,Kelly Village,2.76,0.003,No
04/12/2025 09:14:45 AM,CR-006,2025-04-12 09:14:45-CR-006,10.6102,-61.3361,Kelly Village,2.77,0.008,No
04/12/2025 09:15:00 AM,CR-006,2025-04-12 09:15:00-CR-006,10.6102,-61.3361,Kelly Village,2.79,0.027,No
04/12/2025 09:15:15 AM,CR-006,2025-04-12 09:15:15-CR-006,10.6102,-61.3361,Kelly Village,2.82,0.027,No
04/12/2025 09:15:30 AM,CR-006,2025-04-12 09:15:30-CR-006,10.6102,-61.3361,Kelly Village,2.86,0.042,No
04/12/2025 09:15:45 AM,CR-006,2025-04-12 09:15:45-CR-006,10.6102,-61.3361,Kelly Village,2.88,0.021,No
04/12/2025 09:16:00 AM,CR-006,2025-04-12 09:16:00-CR-006,10.6102,-61.3361,Kelly Village,2.91,0.029,No
04/12/2025 09:16:15 AM,CR-006,2025-04-12 09:16:15-CR-006,10.6102,-61.3361,Kelly Village,2.95,0.034,No
04/12/2025 09:16:30 AM,CR-006,2025-04-12 09:16:30-CR-006,10.6102,-61.3361,Kelly Village,2.97,0.027,No
04/12/2025 09:16:45 AM,CR-006,2025-04-12 09:16:45-CR-006,10.6102,-61.3361,Kelly Village,3.01,0.038,Yes
04/12/2025 09:17:00 AM,CR-006,2025-04-12 09:17:00-CR-006,10.6102,-61.3361,Kelly Village,3.04,0.029,Yes
04/12/2025 09:17:15 AM,CR-006,2025-04-12 09:17:15-CR-006,10.6102,-61.3361,Kelly Village,3.07,0.025,Yes
04/12/2025 09:17:30 AM,CR-006,2025-04-12 09:17:30-CR-006,10.6102,-61.3361,Kelly Village,3.1,0.03,Yes
04/12/2025 09:17:45 AM,CR-006,2025-04-12 09:17:45-CR-006,10.6102,-61.3361,Kelly Village,3.13,0.035,Yes
04/12/2025 09:18:00 AM,CR-006,2025-04-12 09:18:00-CR-006,10.6102,-61.3361,Kelly Village,3.15,0.02,Yes
04/12/2025 09:18:15 AM,CR-006,2025-04-12 09:18:15-CR-006,10.6102,-61.3361,Kelly Village,3.18,0.031,Yes
04/12/2025 09:18:30 AM,CR-006,2025-04-12 09:18:30-CR-006,10.6102,-61.3361,Kelly Village,3.21,0.028,Yes
04/12/2025 09:18:45 AM,CR-006,2025-04-12 09:18:45-CR-006,10.6102,-61.3361,Kelly Village,3.24,0.028,Yes
04/12/2025 09:19:00 AM,CR-006,2025-04-12 09:19:00-CR-006,10.6102,-61.3361,Kelly Village,3.27,0.033,Yes
04/12/2025 09:19:15 AM,CR-006,2025-04-12 09:19:15-CR-006,10.6102,-61.3361,Kelly Village,3.3,0.032,Yes
04/12/2025 09:19:30 AM,CR-006,2025-04-12 09:19:30-CR-006,10.6102,-61.3361,Kelly Village,3.33,0.032,Yes
04/12/2025 09:19:45 AM,CR-006,2025-04-12 09:19:45-CR-006,10.6102,-61.3361,Kelly Village,3.36,0.024,Yes
04/12/2025 09:20:00 AM,CR-006,2025-04-12 09:20:00-CR-006,10.6102,-61.3361,Kelly Village,3.39,0.036,Yes
04/12/2025 09:20:15 AM,CR-006,2025-04-12 09:20:15-CR-006,10.6102,-61.3361,Kelly Village,3.43,0.037,Yes
04/12/2025 09:20:30 AM,CR-006,2025-04-12 09:20:30-CR-006,10.6102,-61.3361,Kelly Village,3.46,0.033,Yes
04/12/2025 09:20:45 AM,CR-006,2025-04-12 09:20:45-CR-006,10.6102,-61.3361,Kelly Village,3.49,0.028,Yes
04/12/2025 09:21:00 AM,CR-006,2025-04-12 09:21:00-CR-006,10.6102,-61.3361,Kelly Village,3.52,0.028,Yes
04/12/2025 09:21:15 AM,CR-006,2025-04-12 09:21:15-CR-006,10.6102,-61.3361,Kelly Village,3.55,0.035,Yes
04/12/2025 09:21:30 AM,CR-006,2025-04-12 09:21:30-CR-006,10.6102,-61.3361,Kelly Village,3.59,0.031,Yes
04/12/2025 09:21:45 AM,CR-006,2025-04-12 09:21:45-CR-006,10.6102,-61.3361,Kelly Village,3.61,0.027,Yes
04/12/2025 09:22:00 AM,CR-006,2025-04-12 09:22:00-CR-006,10.6102,-61.3361,Kelly Village,3.63,0.022,Yes
04/12/2025 09:22:15 AM,CR-006,2025-04-12 09:22:15-CR-006,10.6102,-61.3361,Kelly Village,3.66,0.029,Yes
04/12/2025 09:22:30 AM,CR-006,2025-04-12 09:22:30-CR-006,10.6102,-61.3361,Kelly Village,3.69,0.031,Yes
04/12/2025 09:22:45 AM,CR-006,2025-04-12 09:22:45-CR-006,10.6102,-61.3361,Kelly Village,3.73,0.036,Yes
04/12/2025 09:23:00 AM,CR-006,2025-04-12 09:23:00-CR-006,10.6102,-61.3361,Kelly Village,3.77,0.037,Yes
04/12/2025 09:23:15 AM,CR-006,2025-04-12 09:23:15-CR-006,10.6102,-61.3361,Kelly Village,3.79,0.028,Yes
04/12/2025 09:23:30 AM,CR-006,2025-04-12 09:23:30-CR-006,10.6102,-61.3361,Kelly Village,3.82,0.03,Yes
04/12/2025 09:23:45 AM,CR-006,2025-04-12 09:23:45-CR-006,10.6102,-61.3361,Kelly Village,3.85,0.028,Yes
04/12/2025 09:24:00 AM,CR-006,2025-04-12 09:24:00-CR-006,10.6102,-61.3361,Kelly Village,3.89,0.039,Yes
04/12/2025 09:24:15 AM,CR-006,2025-04-12 09:24:15-CR-006,10.6102,-61.3361,Kelly Village,3.92,0.028,Yes
04/12/2025 09:24:30 AM,CR-006,2025-04-12 09:24:30-CR-006,10.6102,-61.3361,Kelly Village,3.95,0.034,Yes
04/12/2025 09:24:45 AM,CR-006,2025-04-12 09:24:45-CR-006,10.6102,-61.3361,Kelly Village,3.98,0.022,Yes
04/12/2025 09:25:00 AM,CR-006,2025-04-12 09:25:00-CR-006,10.6102,-61.3361,Kelly Village,4.01,0.035,Yes
04/12/2025 09:25:15 AM,CR-006,2025-04-12 09:25:15-CR-006,10.6102,-61.3361,Kelly Village,4.04,0.032,Yes
04/12/2025 09:25:30 AM,CR-006,2025-04-12 09:25:30-CR-006,10.6102,-61.3361,Kelly Village,4.07,0.028,Yes
04/12/2025 09:25:45 AM,CR-006,2025-04-12 09:25:45-CR-006,10.6102,-61.3361,Kelly Village,4.1,0.031,Yes
04/12/2025 09:26:00 AM,CR-006,2025-04-12 09:26:00-CR-006,10.6102,-61.3361,Kelly Village,4.14,0.033,Yes
04/12/2025 09:26:15 AM,CR-006,2025-04-12 09:26:15-CR-006,10.6102,-61.3361,Kelly Village,4.16,0.024,Yes
04/12/2025 09:26:30 AM,CR-006,2025-04-12 09:26:30-CR-006,10.6102,-61.3361,Kelly Village,4.19,0.03,Yes
04/12/2025 09:26:45 AM,CR-006,2025-04-12 09:26:45-CR-006,10.6102,-61.3361,Kelly Village,4.23,0.036,Yes
04/12/2025 09:27:00 AM,CR-006,2025-04-12 09:27:00-CR-006,10.6102,-61.3361,Kelly Village,4.26,0.03,Yes
04/12/2025 09:27:15 AM,CR-006,2025-04-12 09:27:15-CR-006,10.6102,-61.3361,Kelly Village,4.29,0.034,Yes
04/12/2025 09:27:30 AM,CR-006,2025-04-12 09:27:30-CR-006,10.6102,-61.3361,Kelly Village,4.32,0.034,Yes
04/12/2025 09:27:45 AM,CR-006,2025-04-12 09:27:45-CR-006,10.6102,-61.3361,Kelly Village,4.35,0.028,Yes
04/12/2025 09:28:00 AM,CR-006,2025-04-12 09:28:00-CR-006,10.6102,-61.3361,Kelly Village,4.37,0.02,Yes
04/12/2025 09:28:15 AM,CR-006,2025-04-12 09:28:15-CR-006,10.6102,-61.3361,Kelly Village,4.4,0.027,Yes
04/12/2025 09:28:30 AM,CR-006,2025-04-12 09:28:30-CR-006,10.6102,-61.3361,Kelly Village,4.43,0.036,Yes
04/12/2025 09:28:45 AM,CR-006,2025-04-12 09:28:45-CR-006,10.6102,-61.3361,Kelly Village,4.46,0.028,Yes
04/12/2025 09:29:00 AM,CR-006,2025-04-12 09:29:00-CR-006,10.6102,-61.3361,Kelly Village,4.5,0.035,Yes
04/12/2025 09:29:15 AM,CR-006,2025-04-12 09:29:15-CR-006,10.6102,-61.3361,Kelly Village,4.53,0.036,Yes
04/12/2025 09:29:30 AM,CR-006,2025-04-12 09:29:30-CR-006,10.6102,-61.3361,Kelly Village,4.57,0.034,Yes
04/12/2025 09:29:45 AM,CR-006,2025-04-12 09:29:45-CR-006,10.6102,-61.3361,Kelly Village,4.6,0.03,Yes
04/12/2025 09:30:00 AM,CR-006,2025-04-12 09:30:00-CR-006,10.6102,-61.3361,Kelly Village,4.62,0.029,Yes
04/12/2025 09:00:00 AM,CR-007,2025-04-12 09:00:00-CR-007,10.6261,-61.3647,Las Lomas,2.21,0.011,No
04/12/2025 09:00:15 AM,CR-007,2025-04-12 09:00:15-CR-007,10.6261,-61.3647,Las Lomas,2.21,0.001,No
04/12/2025 09:00:30 AM,CR-007,2025-04-12 09:00:30-CR-007,10.6261,-61.3647,Las Lomas,2.22,0.006,No
04/12/2025 09:00:45 AM,CR-007,2025-04-12 09:00:45-CR-007,10.6261,-61.3647,Las Lomas,2.23,0.011,No
04/12/2025 09:01:00 AM,CR-007,2025-04-12 09:01:00-CR-007,10.6261,-61.3647,Las Lomas,2.24,0.011,No
04/12/2025 09:01:15 AM,CR-007,2025-04-12 09:01:15-CR-007,10.6261,-61.3647,Las Lomas,2.25,0.009,No
04/12/2025 09:01:30 AM,CR-007,2025-04-12 09:01:30-CR-007,10.6261,-61.3647,Las Lomas,2.26,0.006,No
04/12/2025 09:01:45 AM,CR-007,2025-04-12 09:01:45-CR-007,10.6261,-61.3647,Las Lomas,2.26,0.006,No
04/12/2025 09:02:00 AM,CR-007,2025-04-12 09:02:00-CR-007,10.6261,-61.3647,Las Lomas,2.27,0.009,No
04/12/2025 09:02:15 AM,CR-007,2025-04-12 09:02:15-CR-007,10.6261,-61.3647,Las Lomas,2.28,0.014,No
04/12/2025 09:02:30 AM,CR-007,2025-04-12 09:02:30-CR-007,10.6261,-61.3647,Las Lomas,2.29,0.01,No
04/12/2025 09:02:45 AM,CR-007,2025-04-12 09:02:45-CR-007,10.6261,-61.3647,Las Lomas,2.3,0.008,No
04/12/2025 09:03:00 AM,CR-007,2025-04-12 09:03:00-CR-007,10.6261,-61.3647,Las Lomas,2.32,0.016,No
04/12/2025 09:03:15 AM,CR-007,2025-04-12 09:03:15-CR-007,10.6261,-61.3647,Las Lomas,2.33,0.014,No
04/12/2025 09:03:30 AM,CR-007,2025-04-12 09:03:30-CR-007,10.6261,-61.3647,Las Lomas,2.35,0.012,No
04/12/2025 09:03:45 AM,CR-007,2025-04-12 09:03:45-CR-007,10.6261,-61.3647,Las Lomas,2.35,0.005,No
04/12/2025 09:04:00 AM,CR-007,2025-04-12 09:04:00-CR-007,10.6261,-61.3647,Las Lomas,2.36,0.007,No
04/12/2025 09:04:15 AM,CR-007,2025-04-12 09:04:15-CR-007,10.6261,-61.3647,Las Lomas,2.37,0.009,No
04/12/2025 09:04:30 AM,CR-007,2025-04-12 09:04:30-CR-007,10.6261,-61.3647,Las Lomas,2.37,0.008,No
04/12/2025 09:04:45 AM,CR-007,2025-04-12 09:04:45-CR-007,10.6261,-61.3647,Las Lomas,2.38,0.01,No
04/12/2025 09:05:00 AM,CR-007,2025-04-12 09:05:00-CR-007,10.6261,-61.3647,Las Lomas,2.4,0.015,No
04/12/2025 09:05:15 AM,CR-007,2025-04-12 09:05:15-CR-007,10.6261,-61.3647,Las Lomas,2.41,0.01,No
04/12/2025 09:05:30 AM,CR-007,2025-04-12 09:05:30-CR-007,10.6261,-61.3647,Las Lomas,2.42,0.009,No
04/12/2025 09:05:45 AM,CR-007,2025-04-12 09:05:45-CR-007,10.6261,-61.3647,Las Lomas,2.43,0.01,No
04/12/2025 09:06:00 AM,CR-007,2025-04-12 09:06:00-CR-007,10.6261,-61.3647,Las Lomas,2.43,0.004,No
04/12/2025 09:06:15 AM,CR-007,2025-04-12 09:06:15-CR-007,10.6261,-61.3647,Las Lomas,2.44,0.011,No
04/12/2025 09:06:30 AM,CR-007,2025-04-12 09:06:30-CR-007,10.6261,-61.3647,Las Lomas,2.45,0.008,No
04/12/2025 09:06:45 AM,CR-007,2025-04-12 09:06:45-CR-007,10.6261,-61.3647,Las Lomas,2.45,0.0,No
04/12/2025 09:07:00 AM,CR-007,2025-04-12 09:07:00-CR-007,10.6261,-61.3647,Las Lomas,2.45,0.003,No
04/12/2025 09:07:15 AM,CR-007,2025-04-12 09:07:15-CR-007,10.6261,-61.3647,Las Lomas,2.46,0.01,No
04/12/2025 09:07:30 AM,CR-007,2025-04-12 09:07:30-CR-007,10.6261,-61.3647,Las Lomas,2.47,0.009,No
04/12/2025 09:07:45 AM,CR-007,2025-04-12 09:07:45-CR-007,10.6261,-61.3647,Las Lomas,2.48,0.008,No
04/12/2025 09:08:00 AM,CR-007,2025-04-12 09:08:00-CR-007,10.6261,-61.3647,Las Lomas,2.49,0.007,No
04/12/2025 09:08:15 AM,CR-007,2025-04-12 09:08:15-CR-007,10.6261,-61.3647,Las Lomas,2.5,0.012,No
04/12/2025 09:08:30 AM,CR-007,2025-04-12 09:08:30-CR-007,10.6261,-61.3647,Las Lomas,2.51,0.008,No
04/12/2025 09:08:45 AM,CR-007,2025-04-12 09:08:45-CR-007,10.6261,-61.3647,Las Lomas,2.51,0.002,No
04/12/2025 09:09:00 AM,CR-007,2025-04-12 09:09:00-CR-007,10.6261,-61.3647,Las Lomas,2.52,0.012,No
04/12/2025 09:09:15 AM,CR-007,2025-04-12 09:09:15-CR-007,10.6261,-61.3647,Las Lomas,2.53,0.008,No
04/12/2025 09:09:30 AM,CR-007,2025-04-12 09:09:30-CR-007,10.6261,-61.3647,Las Lomas,2.54,0.007,No
04/12/2025 09:09:45 AM,CR-007,2025-04-12 09:09:45-CR-007,10.6261,-61.3647,Las Lomas,2.55,0.009,No
04/12/2025 09:10:00 AM,CR-007,2025-04-12 09:10:00-CR-007,10.6261,-61.3647,Las Lomas,2.56,0.008,No
04/12/2025 09:10:15 AM,CR-007,2025-04-12 09:10:15-CR-007,10.6261,-61.3647,Las Lomas,2.56,0.007,No
04/12/2025 09:10:30 AM,CR-007,2025-04-12 09:10:30-CR-007,10.6261,-61.3647,Las Lomas,2.57,0.009,No
04/12/2025 09:10:45 AM,CR-007,2025-04-12 09:10:45-CR-007,10.6261,-61.3647,Las Lomas,2.58,0.013,No
04/12/2025 09:11:00 AM,CR-007,2025-04-12 09:11:00-CR-007,10.6261,-61.3647,Las Lomas,2.59,0.006,No
04/12/2025 09:11:15 AM,CR-007,2025-04-12 09:11:15-CR-007,10.6261,-61.3647,Las Lomas,2.6,0.01,No
04/12/2025 09:11:30 AM,CR-007,2025-04-12 09:11:30-CR-007,10.6261,-61.3647,Las Lomas,2.61,0.014,No
04/12/2025 09:11:45 AM,CR-007,2025-04-12 09:11:45-CR-007,10.6261,-61.3647,Las Lomas,2.63,0.018,No
04/12/2025 09:12:00 AM,CR-007,2025-04-12 09:12:00-CR-007,10.6261,-61.3647,Las Lomas,2.64,0.01,No
04/12/2025 09:12:15 AM,CR-007,2025-04-12 09:12:15-CR-007,10.6261,-61.3647,Las Lomas,2.65,0.008,No
04/12/2025 09:12:30 AM,CR-007,2025-04-12 09:12:30-CR-007,10.6261,-61.3647,Las Lomas,2.66,0.006,No
04/12/2025 09:12:45 AM,CR-007,2025-04-12 09:12:45-CR-007,10.6261,-61.3647,Las Lomas,2.67,0.01,No
04/12/2025 09:13:00 AM,CR-007,2025-04-12 09:13:00-CR-007,10.6261,-61.3647,Las Lomas,2.68,0.011,No
04/12/2025 09:13:15 AM,CR-007,2025-04-12 09:13:15-CR-007,10.6261,-61.3647,Las Lomas,2.69,0.012,No
04/12/2025 09:13:30 AM,CR-007,2025-04-12 09:13:30-CR-007,10.6261,-61.3647,Las Lomas,2.7,0.014,No
04/12/2025 09:13:45 AM,CR-007,2025-04-12 09:13:45-CR-007,10.6261,-61.3647,Las Lomas,2.71,0.007,No
04/12/2025 09:14:00 AM,CR-007,2025-04-12 09:14:00-CR-007,10.6261,-61.3647,Las Lomas,2.72,0.011,No
04/12/2025 09:14:15 AM,CR-007,2025-04-12 09:14:15-CR-007,10.6261,-61.3647,Las Lomas,2.73,0.004,No
04/12/2025 09:14:30 AM,CR-007,2025-04-12 09:14:30-CR-007,10.6261,-61.3647,Las Lomas,2.75,0.021,No
04/12/2025 09:14:45 AM,CR-007,2025-04-12 09:14:45-CR-007,10.6261,-61.3647,Las Lomas,2.75,0.006,No
04/12/2025 09:15:00 AM,CR-007,2025-04-12 09:15:00-CR-007,10.6261,-61.3647,Las Lomas,2.78,0.022,No
04/12/2025 09:15:15 AM,CR-007,2025-04-12 09:15:15-CR-007,10.6261,-61.3647,Las Lomas,2.8,0.022,No
04/12/2025 09:15:30 AM,CR-007,2025-04-12 09:15:30-CR-007,10.6261,-61.3647,Las Lomas,2.83,0.028,No
04/12/2025 09:15:45 AM,CR-007,2025-04-12 09:15:45-CR-007,10.6261,-61.3647,Las Lomas,2.86,0.037,No
04/12/2025 09:16:00 AM,CR-007,2025-04-12 09:16:00-CR-007,10.6261,-61.3647,Las Lomas,2.88,0.023,No
04/12/2025 09:16:15 AM,CR-007,2025-04-12 09:16:15-CR-007,10.6261,-61.3647,Las Lomas,2.91,0.022,No
04/12/2025 09:16:30 AM,CR-007,2025-04-12 09:16:30-CR-007,10.6261,-61.3647,Las Lomas,2.93,0.027,No
04/12/2025 09:16:45 AM,CR-007,2025-04-12 09:16:45-CR-007,10.6261,-61.3647,Las Lomas,2.97,0.037,No
04/12/2025 09:17:00 AM,CR-007,2025-04-12 09:17:00-CR-007,10.6261,-61.3647,Las Lomas,3.0,0.028,No
04/12/2025 09:17:15 AM,CR-007,2025-04-12 09:17:15-CR-007,10.6261,-61.3647,Las Lomas,3.03,0.027,Yes
04/12/2025 09:17:30 AM,CR-007,2025-04-12 09:17:30-CR-007,10.6261,-61.3647,Las Lomas,3.06,0.033,Yes
04/12/2025 09:17:45 AM,CR-007,2025-04-12 09:17:45-CR-007,10.6261,-61.3647,Las Lomas,3.09,0.032,Yes
04/12/2025 09:18:00 AM,CR-007,2025-04-12 09:18:00-CR-007,10.6261,-61.3647,Las Lomas,3.12,0.03,Yes
04/12/2025 09:18:15 AM,CR-007,2025-04-12 09:18:15-CR-007,10.6261,-61.3647,Las Lomas,3.15,0.03,Yes
04/12/2025 09:18:30 AM,CR-007,2025-04-12 09:18:30-CR-007,10.6261,-61.3647,Las Lomas,3.18,0.031,Yes
04/12/2025 09:18:45 AM,CR-007,2025-04-12 09:18:45-CR-007,10.6261,-61.3647,Las Lomas,3.21,0.023,Yes
04/12/2025 09:19:00 AM,CR-007,2025-04-12 09:19:00-CR-007,10.6261,-61.3647,Las Lomas,3.22,0.018,Yes
04/12/2025 09:19:15 AM,CR-007,2025-04-12 09:19:15-CR-007,10.6261,-61.3647,Las Lomas,3.26,0.033,Yes
04/12/2025 09:19:30 AM,CR-007,2025-04-12 09:19:30-CR-007,10.6261,-61.3647,Las Lomas,3.28,0.025,Yes
04/12/2025 09:19:45 AM,CR-007,2025-04-12 09:19:45-CR-007,10.6261,-61.3647,Las Lomas,3.31,0.029,Yes
04/12/2025 09:20:00 AM,CR-007,2025-04-12 09:20:00-CR-007,10.6261,-61.3647,Las Lomas,3.35,0.034,Yes
04/12/2025 09:20:15 AM,CR-007,2025-04-12 09:20:15-CR-007,10.6261,-61.3647,Las Lomas,3.38,0.032,Yes
04/12/2025 09:20:30 AM,CR-007,2025-04-12 09:20:30-CR-007,10.6261,-61.3647,Las Lomas,3.41,0.034,Yes
04/12/2025 09:20:45 AM,CR-007,2025-04-12 09:20:45-CR-007,10.6261,-61.3647,Las Lomas,3.43,0.02,Yes
04/12/2025 09:21:00 AM,CR-007,2025-04-12 09:21:00-CR-007,10.6261,-61.3647,Las Lomas,3.47,0.037,Yes
04/12/2025 09:21:15 AM,CR-007,2025-04-12 09:21:15-CR-007,10.6261,-61.3647,Las Lomas,3.49,0.026,Yes
04/12/2025 09:21:30 AM,CR-007,2025-04-12 09:21:30-CR-007,10.6261,-61.3647,Las Lomas,3.53,0.035,Yes
04/12/2025 09:21:45 AM,CR-007,2025-04-12 09:21:45-CR-007,10.6261,-61.3647,Las Lomas,3.56,0.035,Yes
04/12/2025 09:22:00 AM,CR-007,2025-04-12 09:22:00-CR-007,10.6261,-61.3647,Las Lomas,3.6,0.033,Yes
04/12/2025 09:22:15 AM,CR-007,2025-04-12 09:22:15-CR-007,10.6261,-61.3647,Las Lomas,3.63,0.036,Yes
04/12/2025 09:22:30 AM,CR-007,2025-04-12 09:22:30-CR-007,10.6261,-61.3647,Las Lomas,3.66,0.029,Yes
04/12/2025 09:22:45 AM,CR-007,2025-04-12 09:22:45-CR-007,10.6261,-61.3647,Las Lomas,3.7,0.038,Yes
04/12/2025 09:23:00 AM,CR-007,2025-04-12 09:23:00-CR-007,10.6261,-61.3647,Las Lomas,3.73,0.031,Yes
04/12/2025 09:23:15 AM,CR-007,2025-04-12 09:23:15-CR-007,10.6261,-61.3647,Las Lomas,3.76,0.033,Yes
04/12/2025 09:23:30 AM,CR-007,2025-04-12 09:23:30-CR-007,10.6261,-61.3647,Las Lomas,3.8,0.039,Yes
04/12/2025 09:23:45 AM,CR-007,2025-04-12 09:23:45-CR-007,10.6261,-61.3647,Las Lomas,3.83,0.028,Yes
04/12/2025 09:24:00 AM,CR-007,2025-04-12 09:24:00-CR-007,10.6261,-61.3647,Las Lomas,3.86,0.028,Yes
04/12/2025 09:24:15 AM,CR-007,2025-04-12 09:24:15-CR-007,10.6261,-61.3647,Las Lomas,3.89,0.026,Yes
04/12/2025 09:24:30 AM,CR-007,2025-04-12 09:24:30-CR-007,10.6261,-61.3647,Las Lomas,3.91,0.026,Yes
04/12/2025 09:24:45 AM,CR-007,2025-04-12 09:24:45-CR-007,10.6261,-61.3647,Las Lomas,3.94,0.032,Yes
04/12/2025 09:25:00 AM,CR-007,2025-04-12 09:25:00-CR-007,10.6261,-61.3647,Las Lomas,3.98,0.037,Yes
04/12/2025 09:25:15 AM,CR-007,2025-04-12 09:25:15-CR-007,10.6261,-61.3647,Las Lomas,4.02,0.041,Yes
04/12/2025 09:25:30 AM,CR-007,2025-04-12 09:25:30-CR-007,10.6261,-61.3647,Las Lomas,4.05,0.032,Yes
04/12/2025 09:25:45 AM,CR-007,2025-04-12 09:25:45-CR-007,10.6261,-61.3647,Las Lomas,4.09,0.037,Yes
04/12/2025 09:26:00 AM,CR-007,2025-04-12 09:26:00-CR-007,10.6261,-61.3647,Las Lomas,4.11,0.024,Yes
04/12/2025 09:26:15 AM,CR-007,2025-04-12 09:26:15-CR-007,10.6261,-61.3647,Las Lomas,4.14,0.023,Yes
04/12/2025 09:26:30 AM,CR-007,2025-04-12 09:26:30-CR-007,10.6261,-61.3647,Las Lomas,4.17,0.033,Yes
04/12/2025 09:26:45 AM,CR-007,2025-04-12 09:26:45-CR-007,10.6261,-61.3647,Las Lomas,4.2,0.035,Yes
04/12/2025 09:27:00 AM,CR-007,2025-04-12 09:27:00-CR-007,10.6261,-61.3647,Las Lomas,4.23,0.025,Yes
04/12/2025 09:27:15 AM,CR-007,2025-04-12 09:27:15-CR-007,10.6261,-61.3647,Las Lomas,4.25,0.025,Yes
04/12/2025 09:27:30 AM,CR-007,2025-04-12 09:27:30-CR-007,10.6261,-61.3647,Las Lomas,4.28,0.026,Yes
04/12/2025 09:27:45 AM,CR-007,2025-04-12 09:27:45-CR-007,10.6261,-61.3647,Las Lomas,4.31,0.026,Yes
04/12/2025 09:28:00 AM,CR-007,2025-04-12 09:28:00-CR-007,10.6261,-61.3647,Las Lomas,4.34,0.031,Yes
04/12/2025 09:28:15 AM,CR-007,2025-04-12 09:28:15-CR-007,10.6261,-61.3647,Las Lomas,4.37,0.03,Yes
04/12/2025 09:28:30 AM,CR-007,2025-04-12 09:28:30-CR-007,10.6261,-61.3647,Las Lomas,4.41,0.038,Yes
04/12/2025 09:28:45 AM,CR-007,2025-04-12 09:28:45-CR-007,10.6261,-61.3647,Las Lomas,4.44,0.03,Yes
04/12/2025 09:29:00 AM,CR-007,2025-04-12 09:29:00-CR-007,10.6261,-61.3647,Las Lomas,4.47,0.032,Yes
04/12/2025 09:29:15 AM,CR-007,2025-04-12 09:29:15-CR-007,10.6261,-61.3647,Las Lomas,4.51,0.037,Yes
04/12/2025 09:29:30 AM,CR-007,2025-04-12 09:29:30-CR-007,10.6261,-61.3647,Las Lomas,4.54,0.035,Yes
04/12/2025 09:29:45 AM,CR-007,2025-04-12 09:29:45-CR-007,10.6261,-61.3647,Las Lomas,4.57,0.033,Yes
04/12/2025 09:30:00 AM,CR-007,2025-04-12 09:30:00-CR-007,10.6261,-61.3647,Las Lomas,4.61,0.033,Yes
04/12/2025 09:00:00 AM,CR-008,2025-04-12 09:00:00-CR-008,10.5654,-61.4592,Caroni,2.21,0.007,No
04/12/2025 09:00:15 AM,CR-008,2025-04-12 09:00:15-CR-008,10.5654,-61.4592,Caroni,2.21,0.007,No
04/12/2025 09:00:30 AM,CR-008,2025-04-12 09:00:30-CR-008,10.5654,-61.4592,Caroni,2.23,0.013,No
04/12/2025 09:00:45 AM,CR-008,2025-04-12 09:00:45-CR-008,10.5654,-61.4592,Caroni,2.23,0.007,No
04/12/2025 09:01:00 AM,CR-008,2025-04-12 09:01:00-CR-008,10.5654,-61.4592,Caroni,2.25,0.017,No
04/12/2025 09:01:15 AM,CR-008,2025-04-12 09:01:15-CR-008,10.5654,-61.4592,Caroni,2.26,0.01,No
04/12/2025 09:01:30 AM,CR-008,2025-04-12 09:01:30-CR-008,10.5654,-61.4592,Caroni,2.27,0.011,No
04/12/2025 09:01:45 AM,CR-008,2025-04-12 09:01:45-CR-008,10.5654,-61.4592,Caroni,2.28,0.011,No
04/12/2025 09:02:00 AM,CR-008,2025-04-12 09:02:00-CR-008,10.5654,-61.4592,Caroni,2.28,0.002,No
04/12/2025 09:02:15 AM,CR-008,2025-04-12 09:02:15-CR-008,10.5654,-61.4592,Caroni,2.29,0.003,No
04/12/2025 09:02:30 AM,CR-008,2025-04-12 09:02:30-CR-008,10.5654,-61.4592,Caroni,2.29,0.003,No
04/12/2025 09:02:45 AM,CR-008,2025-04-12 09:02:45-CR-008,10.5654,-61.4592,Caroni,2.3,0.012,No
04/12/2025 09:03:00 AM,CR-008,2025-04-12 09:03:00-CR-008,10.5654,-61.4592,Caroni,2.31,0.005,No
04/12/2025 09:03:15 AM,CR-008,2025-04-12 09:03:15-CR-008,10.5654,-61.4592,Caroni,2.32,0.01,No
04/12/2025 09:03:30 AM,CR-008,2025-04-12 09:03:30-CR-008,10.5654,-61.4592,Caroni,2.33,0.009,No
04/12/2025 09:03:45 AM,CR-008,2025-04-12 09:03:45-CR-008,10.5654,-61.4592,Caroni,2.33,0.002,No
04/12/2025 09:04:00 AM,CR-008,2025-04-12 09:04:00-CR-008,10.5654,-61.4592,Caroni,2.34,0.009,No
04/12/2025 09:04:15 AM,CR-008,2025-04-12 09:04:15-CR-008,10.5654,-61.4592,Caroni,2.35,0.01,No
04/12/2025 09:04:30 AM,CR-008,2025-04-12 09:04:30-CR-008,10.5654,-61.4592,Caroni,2.37,0.018,No
04/12/2025 09:04:45 AM,CR-008,2025-04-12 09:04:45-CR-008,10.5654,-61.4592,Caroni,2.38,0.012,No
04/12/2025 09:05:00 AM,CR-008,2025-04-12 09:05:00-CR-008,10.5654,-61.4592,Caroni,2.38,-0.003,No
04/12/2025 09:05:15 AM,CR-008,2025-04-12 09:05:15-CR-008,10.5654,-61.4592,Caroni,2.38,0.006,No
04/12/2025 09:05:30 AM,CR-008,2025-04-12 09:05:30-CR-008,10.5654,-61.4592,Caroni,2.39,0.012,No
04/12/2025 09:05:45 AM,CR-008,2025-04-12 09:05:45-CR-008,10.5654,-61.4592,Caroni,2.4,0.005,No
04/12/2025 09:06:00 AM,CR-008,2025-04-12 09:06:00-CR-008,10.5654,-61.4592,Caroni,2.41,0.01,No
04/12/2025 09:06:15 AM,CR-008,2025-04-12 09:06:15-CR-008,10.5654,-61.4592,Caroni,2.42,0.009,No
04/12/2025 09:06:30 AM,CR-008,2025-04-12 09:06:30-CR-008,10.5654,-61.4592,Caroni,2.43,0.009,No
04/12/2025 09:06:45 AM,CR-008,2025-04-12 09:06:45-CR-008,10.5654,-61.4592,Caroni,2.44,0.016,No
04/12/2025 09:07:00 AM,CR-008,2025-04-12 09:07:00-CR-008,10.5654,-61.4592,Caroni,2.44,0.003,No
04/12/2025 09:07:15 AM,CR-008,2025-04-12 09:07:15-CR-008,10.5654,-61.4592,Caroni,2.46,0.014,No
04/12/2025 09:07:30 AM,CR-008,2025-04-12 09:07:30-CR-008,10.5654,-61.4592,Caroni,2.47,0.012,No
04/12/2025 09:07:45 AM,CR-008,2025-04-12 09:07:45-CR-008,10.5654,-61.4592,Caroni,2.48,0.007,No
04/12/2025 09:08:00 AM,CR-008,2025-04-12 09:08:00-CR-008,10.5654,-61.4592,Caroni,2.49,0.011,No
04/12/2025 09:08:15 AM,CR-008,2025-04-12 09:08:15-CR-008,10.5654,-61.4592,Caroni,2.49,0.003,No
04/12/2025 09:08:30 AM,CR-008,2025-04-12 09:08:30-CR-008,10.5654,-61.4592,Caroni,2.51,0.016,No
04/12/2025 09:08:45 AM,CR-008,2025-04-12 09:08:45-CR-008,10.5654,-61.4592,Caroni,2.51,0.008,No
04/12/2025 09:09:00 AM,CR-008,2025-04-12 09:09:00-CR-008,10.5654,-61.4592,Caroni,2.53,0.011,No
04/12/2025 09:09:15 AM,CR-008,2025-04-12 09:09:15-CR-008,10.5654,-61.4592,Caroni,2.54,0.011,No
04/12/2025 09:09:30 AM,CR-008,2025-04-12 09:09:30-CR-008,10.5654,-61.4592,Caroni,2.54,0.008,No
04/12/2025 09:09:45 AM,CR-008,2025-04-12 09:09:45-CR-008,10.5654,-61.4592,Caroni,2.55,0.009,No
04/12/2025 09:10:00 AM,CR-008,2025-04-12 09:10:00-CR-008,10.5654,-61.4592,Caroni,2.56,0.006,No
04/12/2025 09:10:15 AM,CR-008,2025-04-12 09:10:15-CR-008,10.5654,-61.4592,Caroni,2.58,0.022,No
04/12/2025 09:10:30 AM,CR-008,2025-04-12 09:10:30-CR-008,10.5654,-61.4592,Caroni,2.59,0.01,No
04/12/2025 09:10:45 AM,CR-008,2025-04-12 09:10:45-CR-008,10.5654,-61.4592,Caroni,2.6,0.01,No
04/12/2025 09:11:00 AM,CR-008,2025-04-12 09:11:00-CR-008,10.5654,-61.4592,Caroni,2.61,0.006,No
04/12/2025 09:11:15 AM,CR-008,2025-04-12 09:11:15-CR-008,10.5654,-61.4592,Caroni,2.63,0.018,No
04/12/2025 09:11:30 AM,CR-008,2025-04-12 09:11:30-CR-008,10.5654,-61.4592,Caroni,2.64,0.019,No
04/12/2025 09:11:45 AM,CR-008,2025-04-12 09:11:45-CR-008,10.5654,-61.4592,Caroni,2.65,0.011,No
04/12/2025 09:12:00 AM,CR-008,2025-04-12 09:12:00-CR-008,10.5654,-61.4592,Caroni,2.66,0.009,No
04/12/2025 09:12:15 AM,CR-008,2025-04-12 09:12:15-CR-008,10.5654,-61.4592,Caroni,2.67,0.01,No
04/12/2025 09:12:30 AM,CR-008,2025-04-12 09:12:30-CR-008,10.5654,-61.4592,Caroni,2.69,0.017,No
04/12/2025 09:12:45 AM,CR-008,2025-04-12 09:12:45-CR-008,10.5654,-61.4592,Caroni,2.7,0.014,No
04/12/2025 09:13:00 AM,CR-008,2025-04-12 09:13:00-CR-008,10.5654,-61.4592,Caroni,2.72,0.017,No
04/12/2025 09:13:15 AM,CR-008,2025-04-12 09:13:15-CR-008,10.5654,-61.4592,Caroni,2.73,0.01,No
04/12/2025 09:13:30 AM,CR-008,2025-04-12 09:13:30-CR-008,10.5654,-61.4592,Caroni,2.74,0.01,No
04/12/2025 09:13:45 AM,CR-008,2025-04-12 09:13:45-CR-008,10.5654,-61.4592,Caroni,2.75,0.009,No
04/12/2025 09:14:00 AM,CR-008,2025-04-12 09:14:00-CR-008,10.5654,-61.4592,Caroni,2.77,0.015,No
04/12/2025 09:14:15 AM,CR-008,2025-04-12 09:14:15-CR-008,10.5654,-61.4592,Caroni,2.78,0.01,No
04/12/2025 09:14:30 AM,CR-008,2025-04-12 09:14:30-CR-008,10.5654,-61.4592,Caroni,2.78,0.008,No
04/12/2025 09:14:45 AM,CR-008,2025-04-12 09:14:45-CR-008,10.5654,-61.4592,Caroni,2.79,0.009,No
04/12/2025 09:15:00 AM,CR-008,2025-04-12 09:15:00-CR-008,10.5654,-61.4592,Caroni,2.81,0.022,No
04/12/2025 09:15:15 AM,CR-008,2025-04-12 09:15:15-CR-008,10.5654,-61.4592,Caroni,2.84,0.026,No
04/12/2025 09:15:30 AM,CR-008,2025-04-12 09:15:30-CR-008,10.5654,-61.4592,Caroni,2.87,0.031,No
04/12/2025 09:15:45 AM,CR-008,2025-04-12 09:15:45-CR-008,10.5654,-61.4592,Caroni,2.91,0.042,No
04/12/2025 09:16:00 AM,CR-008,2025-04-12 09:16:00-CR-008,10.5654,-61.4592,Caroni,2.95,0.038,No
04/12/2025 09:16:15 AM,CR-008,2025-04-12 09:16:15-CR-008,10.5654,-61.4592,Caroni,2.97,0.023,No
04/12/2025 09:16:30 AM,CR-008,2025-04-12 09:16:30-CR-008,10.5654,-61.4592,Caroni,3.01,0.035,Yes
04/12/2025 09:16:45 AM,CR-008,2025-04-12 09:16:45-CR-008,10.5654,-61.4592,Caroni,3.04,0.029,Yes
04/12/2025 09:17:00 AM,CR-008,2025-04-12 09:17:00-CR-008,10.5654,-61.4592,Caroni,3.07,0.034,Yes
04/12/2025 09:17:15 AM,CR-008,2025-04-12 09:17:15-CR-008,10.5654,-61.4592,Caroni,3.11,0.032,Yes
04/12/2025 09:17:30 AM,CR-008,2025-04-12 09:17:30-CR-008,10.5654,-61.4592,Caroni,3.14,0.034,Yes
04/12/2025 09:17:45 AM,CR-008,2025-04-12 09:17:45-CR-008,10.5654,-61.4592,Caroni,3.16,0.024,Yes
04/12/2025 09:18:00 AM,CR-008,2025-04-12 09:18:00-CR-008,10.5654,-61.4592,Caroni,3.2,0.036,Yes
04/12/2025 09:18:15 AM,CR-008,2025-04-12 09:18:15-CR-008,10.5654,-61.4592,Caroni,3.22,0.024,Yes
04/12/2025 09:18:30 AM,CR-008,2025-04-12 09:18:30-CR-008,10.5654,-61.4592,Caroni,3.26,0.033,Yes
04/12/2025 09:18:45 AM,CR-008,2025-04-12 09:18:45-CR-008,10.5654,-61.4592,Caroni,3.29,0.033,Yes
04/12/2025 09:19:00 AM,CR-008,2025-04-12 09:19:00-CR-008,10.5654,-61.4592,Caroni,3.33,0.039,Yes
04/12/2025 09:19:15 AM,CR-008,2025-04-12 09:19:15-CR-008,10.5654,-61.4592,Caroni,3.35,0.023,Yes
04/12/2025 09:19:30 AM,CR-008,2025-04-12 09:19:30-CR-008,10.5654,-61.4592,Caroni,3.38,0.027,Yes
04/12/2025 09:19:45 AM,CR-008,2025-04-12 09:19:45-CR-008,10.5654,-61.4592,Caroni,3.41,0.031,Yes
04/12/2025 09:20:00 AM,CR-008,2025-04-12 09:20:00-CR-008,10.5654,-61.4592,Caroni,3.44,0.031,Yes
04/12/2025 09:20:15 AM,CR-008,2025-04-12 09:20:15-CR-008,10.5654,-61.4592,Caroni,3.47,0.032,Yes
04/12/2025 09:20:30 AM,CR-008,2025-04-12 09:20:30-CR-008,10.5654,-61.4592,Caroni,3.51,0.039,Yes
04/12/2025 09:20:45 AM,CR-008,2025-04-12 09:20:45-CR-008,10.5654,-61.4592,Caroni,3.54,0.033,Yes
04/12/2025 09:21:00 AM,CR-008,2025-04-12 09:21:00-CR-008,10.5654,-61.4592,Caroni,3.57,0.03,Yes
04/12/2025 09:21:15 AM,CR-008,2025-04-12 09:21:15-CR-008,10.5654,-61.4592,Caroni,3.6,0.027,Yes
04/12/2025 09:21:30 AM,CR-008,2025-04-12 09:21:30-CR-008,10.5654,-61.4592,Caroni,3.63,0.025,Yes
04/12/2025 09:21:45 AM,CR-008,2025-04-12 09:21:45-CR-008,10.5654,-61.4592,Caroni,3.66,0.035,Yes
04/12/2025 09:22:00 AM,CR-008,2025-04-12 09:22:00-CR-008,10.5654,-61.4592,Caroni,3.67,0.015,Yes
04/12/2025 09:22:15 AM,CR-008,2025-04-12 09:22:15-CR-008,10.5654,-61.4592,Caroni,3.71,0.031,Yes
04/12/2025 09:22:30 AM,CR-008,2025-04-12 09:22:30-CR-008,10.5654,-61.4592,Caroni,3.74,0.035,Yes
04/12/2025 09:22:45 AM,CR-008,2025-04-12 09:22:45-CR-008,10.5654,-61.4592,Caroni,3.77,0.026,Yes
04/12/2025 09:23:00 AM,CR-008,2025-04-12 09:23:00-CR-008,10.5654,-61.4592,Caroni,3.8,0.032,Yes
04/12/2025 09:23:15 AM,CR-008,2025-04-12 09:23:15-CR-008,10.5654,-61.4592,Caroni,3.83,0.031,Yes
04/12/2025 09:23:30 AM,CR-008,2025-04-12 09:23:30-CR-008,10.5654,-61.4592,Caroni,3.87,0.037,Yes
04/12/2025 09:23:45 AM,CR-008,2025-04-12 09:23:45-CR-008,10.5654,-61.4592,Caroni,3.89,0.027,Yes
04/12/2025 09:24:00 AM,CR-008,2025-04-12 09:24:00-CR-008,10.5654,-61.4592,Caroni,3.93,0.032,Yes
04/12/2025 09:24:15 AM,CR-008,2025-04-12 09:24:15-CR-008,10.5654,-61.4592,Caroni,3.96,0.038,Yes
04/12/2025 09:24:30 AM,CR-008,2025-04-12 09:24:30-CR-008,10.5654,-61.4592,Caroni,4.0,0.034,Yes
04/12/2025 09:24:45 AM,CR-008,2025-04-12 09:24:45-CR-008,10.5654,-61.4592,Caroni,4.03,0.033,Yes
04/12/2025 09:25:00 AM,CR-008,2025-04-12 09:25:00-CR-008,10.5654,-61.4592,Caroni,4.06,0.025,Yes
04/12/2025 09:25:15 AM,CR-008,2025-04-12 09:25:15-CR-008,10.5654,-61.4592,Caroni,4.09,0.033,Yes
04/12/2025 09:25:30 AM,CR-008,2025-04-12 09:25:30-CR-008,10.5654,-61.4592,Caroni,4.11,0.024,Yes
04/12/2025 09:25:45 AM,CR-008,2025-04-12 09:25:45-CR-008,10.5654,-61.4592,Caroni,4.14,0.027,Yes
04/12/2025 09:26:00 AM,CR-008,2025-04-12 09:26:00-CR-008,10.5654,-61.4592,Caroni,4.17,0.026,Yes
04/12/2025 09:26:15 AM,CR-008,2025-04-12 09:26:15-CR-008,10.5654,-61.4592,Caroni,4.21,0.038,Yes
04/12/2025 09:26:30 AM,CR-008,2025-04-12 09:26:30-CR-008,10.5654,-61.4592,Caroni,4.24,0.03,Yes
04/12/2025 09:26:45 AM,CR-008,2025-04-12 09:26:45-CR-008,10.5654,-61.4592,Caroni,4.26,0.026,Yes
04/12/2025 09:27:00 AM,CR-008,2025-04-12 09:27:00-CR-008,10.5654,-61.4592,Caroni,4.3,0.034,Yes
04/12/2025 09:27:15 AM,CR-008,2025-04-12 09:27:15-CR-008,10.5654,-61.4592,Caroni,4.33,0.03,Yes
04/12/2025 09:27:30 AM,CR-008,2025-04-12 09:27:30-CR-008,10.5654,-61.4592,Caroni,4.35,0.027,Yes
04/12/2025 09:27:45 AM,CR-008,2025-04-12 09:27:45-CR-008,10.5654,-61.4592,Caroni,4.38,0.028,Yes
04/12/2025 09:28:00 AM,CR-008,2025-04-12 09:28:00-CR-008,10.5654,-61.4592,Caroni,4.41,0.029,Yes
04/12/2025 09:28:15 AM,CR-008,2025-04-12 09:28:15-CR-008,10.5654,-61.4592,Caroni,4.43,0.026,Yes
04/12/2025 09:28:30 AM,CR-008,2025-04-12 09:28:30-CR-008,10.5654,-61.4592,Caroni,4.47,0.031,Yes
04/12/2025 09:28:45 AM,CR-008,2025-04-12 09:28:45-CR-008,10.5654,-61.4592,Caroni,4.49,0.027,Yes
04/12/2025 09:29:00 AM,CR-008,2025-04-12 09:29:00-CR-008,10.5654,-61.4592,Caroni,4.51,0.02,Yes
04/12/2025 09:29:15 AM,CR-008,2025-04-12 09:29:15-CR-008,10.5654,-61.4592,Caroni,4.54,0.028,Yes
04/12/2025 09:29:30 AM,CR-008,2025-04-12 09:29:30-CR-008,10.5654,-61.4592,Caroni,4.56,0.019,Yes
04/12/2025 09:29:45 AM,CR-008,2025-04-12 09:29:45-CR-008,10.5654,-61.4592,Caroni,4.59,0.032,Yes
04/12/2025 09:30:00 AM,CR-008,2025-04-12 09:30:00-CR-008,10.5654,-61.4592,Caroni,4.62,0.025,Yes
