datestamp_gauge,hourly_timestamp,Average of sentiment_score,Sum of distance_to_gauge_km,Count of post_id,Cunupia,Piarco,St. Augustine,St. Helena
12-04-2025 09:00:00-CR-001,12/04/2025 9:00,-0.3575,12.59,4,0,2,1,1
12-04-2025 09:00:00-CR-002,12/04/2025 9:00,-0.415,10.13,4,2,1,0,1
12-04-2025 09:00:00-CR-003,12/04/2025 9:00,-0.51,4.81,1,0,0,0,1
12-04-2025 09:00:00-CR-004,12/04/2025 9:00,-0.53,1.23,1,0,0,0,1
12-04-2025 09:00:00-CR-005,12/04/2025 9:00,-0.505,5.83,2,1,1,0,0
12-04-2025 09:00:00-CR-006,12/04/2025 9:00,-0.485,5.14,2,0,1,0,1
12-04-2025 09:00:00-CR-007,12/04/2025 9:00,-0.483333333,3.05,3,1,0,2,0
12-04-2025 09:00:00-CR-008,12/04/2025 9:00,-0.275,3.71,2,0,1,0,1
12-04-2025 09:00:15-CR-001,12/04/2025 9:00,-0.483333333,6.3,3,1,1,1,0
12-04-2025 09:00:15-CR-002,12/04/2025 9:00,-0.67,4.01,2,1,0,0,1
12-04-2025 09:00:15-CR-003,12/04/2025 9:00,-0.55,4.34,2,0,0,1,1
12-04-2025 09:00:15-CR-004,12/04/2025 9:00,-0.74,2.4,1,0,0,0,1
12-04-2025 09:00:15-CR-005,12/04/2025 9:00,-0.22,1.28,1,0,0,0,1
12-04-2025 09:00:15-CR-006,12/04/2025 9:00,-0.61,7.97,2,1,0,1,0
12-04-2025 09:00:15-CR-007,12/04/2025 9:00,-0.33,0.17,1,0,0,1,0
12-04-2025 09:00:15-CR-008,12/04/2025 9:00,-0.656666667,7.58,3,2,1,0,0
12-04-2025 09:00:30-CR-001,12/04/2025 9:00,-0.58,13.01,4,0,1,2,1
12-04-2025 09:00:30-CR-002,12/04/2025 9:00,-0.54,5.21,2,1,0,0,1
12-04-2025 09:00:30-CR-003,12/04/2025 9:00,-0.66,4.93,1,1,0,0,0
12-04-2025 09:00:30-CR-004,12/04/2025 9:00,-0.67,0.27,1,0,0,0,1
12-04-2025 09:00:30-CR-005,12/04/2025 9:00,-0.273333333,11.26,3,1,0,1,1
12-04-2025 09:00:30-CR-006,12/04/2025 9:00,-0.96,4.56,1,0,0,0,1
12-04-2025 09:00:30-CR-007,12/04/2025 9:00,-0.486666667,7.47,3,0,0,1,2
12-04-2025 09:00:30-CR-008,12/04/2025 9:00,-0.43,3.5,1,1,0,0,0
12-04-2025 09:00:45-CR-001,12/04/2025 9:00,-1,3.57,1,1,0,0,0
12-04-2025 09:00:45-CR-002,12/04/2025 9:00,-0.52,5.41,2,0,1,1,0
12-04-2025 09:00:45-CR-003,12/04/2025 9:00,-0.403333333,5.26,3,2,0,0,1
12-04-2025 09:00:45-CR-004,12/04/2025 9:00,-0.533333333,5.46,3,0,0,2,1
12-04-2025 09:00:45-CR-005,12/04/2025 9:00,-0.695,9.44,4,1,0,0,3
12-04-2025 09:00:45-CR-006,12/04/2025 9:00,-0.67,2.59,1,0,0,1,0
12-04-2025 09:00:45-CR-007,12/04/2025 9:00,-0.36,1.3,1,0,0,1,0
12-04-2025 09:00:45-CR-008,12/04/2025 9:00,-0.576666667,10.74,3,0,1,1,1
12-04-2025 09:01:00-CR-001,12/04/2025 9:01,-0.97,4.56,1,0,1,0,0
12-04-2025 09:01:00-CR-002,12/04/2025 9:01,-0.6,3.43,1,0,0,1,0
12-04-2025 09:01:00-CR-003,12/04/2025 9:01,-0.48,7.5,3,1,0,0,2
12-04-2025 09:01:00-CR-004,12/04/2025 9:01,-0.493333333,7.92,3,2,0,1,0
12-04-2025 09:01:00-CR-005,12/04/2025 9:01,-0.513333333,5.04,3,0,0,1,2
12-04-2025 09:01:00-CR-006,12/04/2025 9:01,-0.37,0.82,1,0,0,0,1
12-04-2025 09:01:00-CR-007,12/04/2025 9:01,-0.606666667,6.82,3,1,2,0,0
12-04-2025 09:01:00-CR-008,12/04/2025 9:01,-0.496666667,7.52,3,1,1,0,1
12-04-2025 09:01:15-CR-001,12/04/2025 9:01,-0.345,12.44,4,2,1,0,1
12-04-2025 09:01:15-CR-002,12/04/2025 9:01,-0.416666667,11.94,3,1,0,1,1
12-04-2025 09:01:15-CR-003,12/04/2025 9:01,-0.6,5.72,2,2,0,0,0
12-04-2025 09:01:15-CR-004,12/04/2025 9:01,-0.23,2.29,1,0,0,1,0
12-04-2025 09:01:15-CR-005,12/04/2025 9:01,-0.395,4.57,2,1,1,0,0
12-04-2025 09:01:15-CR-006,12/04/2025 9:01,-0.705,3.92,2,0,1,0,1
12-04-2025 09:01:15-CR-007,12/04/2025 9:01,-0.526666667,8.65,3,1,2,0,0
12-04-2025 09:01:15-CR-008,12/04/2025 9:01,-0.53,7.65,3,1,0,1,1
12-04-2025 09:01:30-CR-001,12/04/2025 9:01,-0.616666667,6.8,3,0,1,0,2
12-04-2025 09:01:30-CR-002,12/04/2025 9:01,-0.4,0.12,1,0,0,0,1
12-04-2025 09:01:30-CR-003,12/04/2025 9:01,-0.87,1.35,1,0,0,1,0
12-04-2025 09:01:30-CR-004,12/04/2025 9:01,-0.516666667,7.34,3,0,1,2,0
12-04-2025 09:01:30-CR-005,12/04/2025 9:01,-0.44,2,2,0,1,0,1
12-04-2025 09:01:30-CR-006,12/04/2025 9:01,-0.42,8.73,4,0,1,3,0
12-04-2025 09:01:30-CR-007,12/04/2025 9:01,-0.4075,9.6,4,1,2,1,0
12-04-2025 09:01:30-CR-008,12/04/2025 9:01,-0.44,1.41,1,1,0,0,0
12-04-2025 09:01:45-CR-001,12/04/2025 9:01,-0.505,10.01,4,1,0,0,3
12-04-2025 09:01:45-CR-002,12/04/2025 9:01,-0.64,6.98,2,1,0,1,0
12-04-2025 09:01:45-CR-003,12/04/2025 9:01,-0.78,0.39,1,0,1,0,0
12-04-2025 09:01:45-CR-004,12/04/2025 9:01,-0.305,3.38,2,1,1,0,0
12-04-2025 09:01:45-CR-005,12/04/2025 9:01,-0.615,2.07,2,1,0,0,1
12-04-2025 09:01:45-CR-006,12/04/2025 9:01,-0.4,7.23,4,0,0,1,3
12-04-2025 09:01:45-CR-007,12/04/2025 9:01,-0.315,1.75,2,0,2,0,0
12-04-2025 09:01:45-CR-008,12/04/2025 9:01,-0.4375,15.47,4,1,0,2,1
12-04-2025 09:02:00-CR-001,12/04/2025 9:02,-0.453333333,8.83,3,0,0,2,1
12-04-2025 09:02:00-CR-002,12/04/2025 9:02,-0.476666667,8.61,3,0,0,2,1
12-04-2025 09:02:00-CR-003,12/04/2025 9:02,-0.46,6.86,3,3,0,0,0
12-04-2025 09:02:00-CR-004,12/04/2025 9:02,-0.4425,10.57,4,0,1,2,1
12-04-2025 09:02:00-CR-005,12/04/2025 9:02,-0.59,4.81,2,0,1,0,1
12-04-2025 09:02:00-CR-006,12/04/2025 9:02,-0.25,4.12,3,0,1,1,1
12-04-2025 09:02:00-CR-007,12/04/2025 9:02,-0.645,2.89,2,1,0,1,0
12-04-2025 09:02:00-CR-008,12/04/2025 9:02,-0.08,6.83,2,0,0,1,1
12-04-2025 09:02:15-CR-001,12/04/2025 9:02,-0.695,1.57,2,0,0,2,0
12-04-2025 09:02:15-CR-002,12/04/2025 9:02,-0.435,10.08,4,2,0,2,0
12-04-2025 09:02:15-CR-003,12/04/2025 9:02,-0.52,3.3,1,0,0,1,0
12-04-2025 09:02:15-CR-004,12/04/2025 9:02,-0.46,7.33,3,0,1,1,1
12-04-2025 09:02:15-CR-005,12/04/2025 9:02,-0.5325,10.84,4,0,2,1,1
12-04-2025 09:02:15-CR-006,12/04/2025 9:02,-0.54,5.21,2,1,0,1,0
12-04-2025 09:02:15-CR-007,12/04/2025 9:02,-0.63,11.53,4,1,1,2,0
12-04-2025 09:02:15-CR-008,12/04/2025 9:02,-0.44,4.48,1,0,0,0,1
12-04-2025 09:02:30-CR-001,12/04/2025 9:02,-0.54,7.42,4,2,1,0,1
12-04-2025 09:02:30-CR-002,12/04/2025 9:02,-0.29,0.59,1,0,0,0,1
12-04-2025 09:02:30-CR-003,12/04/2025 9:02,-0.5625,7.73,4,2,2,0,0
12-04-2025 09:02:30-CR-004,12/04/2025 9:02,-0.36,1.79,2,1,0,0,1
12-04-2025 09:02:30-CR-005,12/04/2025 9:02,-0.54,4.76,3,1,1,1,0
12-04-2025 09:02:30-CR-006,12/04/2025 9:02,-0.436666667,3,3,0,0,2,1
12-04-2025 09:02:30-CR-007,12/04/2025 9:02,-0.646666667,7.11,3,0,0,2,1
12-04-2025 09:02:30-CR-008,12/04/2025 9:02,-0.56,11.3,3,0,2,0,1
12-04-2025 09:02:45-CR-001,12/04/2025 9:02,-0.46,1.02,1,0,1,0,0
12-04-2025 09:02:45-CR-002,12/04/2025 9:02,-0.48,3.93,1,0,0,1,0
12-04-2025 09:02:45-CR-003,12/04/2025 9:02,-0.455,9.5,4,1,0,1,2
12-04-2025 09:02:45-CR-004,12/04/2025 9:02,-0.603333333,8.11,3,0,1,1,1
12-04-2025 09:02:45-CR-005,12/04/2025 9:02,-0.51,4.19,1,0,0,0,1
12-04-2025 09:02:45-CR-006,12/04/2025 9:02,-0.5025,9.74,4,1,1,1,1
12-04-2025 09:02:45-CR-007,12/04/2025 9:02,-0.65,0.38,1,0,0,0,1
12-04-2025 09:02:45-CR-008,12/04/2025 9:02,-0.5475,12.33,4,0,1,1,2
12-04-2025 09:03:00-CR-001,12/04/2025 9:03,-0.5075,13.15,4,3,0,1,0
12-04-2025 09:03:00-CR-002,12/04/2025 9:03,-0.59,7.87,2,2,0,0,0
12-04-2025 09:03:00-CR-003,12/04/2025 9:03,-0.446666667,5.83,3,1,1,0,1
12-04-2025 09:03:00-CR-004,12/04/2025 9:03,-0.7,7.76,3,1,1,0,1
12-04-2025 09:03:00-CR-005,12/04/2025 9:03,-0.525,5.08,2,2,0,0,0
12-04-2025 09:03:00-CR-006,12/04/2025 9:03,-0.445,6.94,4,1,1,2,0
12-04-2025 09:03:00-CR-007,12/04/2025 9:03,-0.415,2.56,2,0,0,1,1
12-04-2025 09:03:00-CR-008,12/04/2025 9:03,-0.5275,4.35,4,1,2,0,1
12-04-2025 09:03:15-CR-001,12/04/2025 9:03,-0.5775,13.42,4,1,0,0,3
12-04-2025 09:03:15-CR-002,12/04/2025 9:03,-0.406666667,3.41,3,0,2,0,1
12-04-2025 09:03:15-CR-003,12/04/2025 9:03,-0.425,6.13,4,2,0,2,0
12-04-2025 09:03:15-CR-004,12/04/2025 9:03,-0.58,2.59,2,0,2,0,0
12-04-2025 09:03:15-CR-005,12/04/2025 9:03,-0.61,9.29,4,2,0,2,0
12-04-2025 09:03:15-CR-006,12/04/2025 9:03,-0.59,9.42,3,0,2,1,0
12-04-2025 09:03:15-CR-007,12/04/2025 9:03,-0.64,2.59,1,1,0,0,0
12-04-2025 09:03:15-CR-008,12/04/2025 9:03,-0.63,4.37,1,0,0,0,1
12-04-2025 09:03:30-CR-001,12/04/2025 9:03,-0.52,0.38,1,0,1,0,0
12-04-2025 09:03:30-CR-002,12/04/2025 9:03,-0.513333333,6.44,3,0,0,1,2
12-04-2025 09:03:30-CR-003,12/04/2025 9:03,-0.24,1.16,1,1,0,0,0
12-04-2025 09:03:30-CR-004,12/04/2025 9:03,-0.4,3.61,1,0,0,1,0
12-04-2025 09:03:30-CR-005,12/04/2025 9:03,-0.603333333,6.89,3,2,0,0,1
12-04-2025 09:03:30-CR-006,12/04/2025 9:03,-0.64,4.17,1,0,0,0,1
12-04-2025 09:03:30-CR-007,12/04/2025 9:03,-0.576666667,5.14,3,1,1,0,1
12-04-2025 09:03:30-CR-008,12/04/2025 9:03,-0.426666667,8.04,3,2,0,1,0
12-04-2025 09:03:45-CR-001,12/04/2025 9:03,-0.56,4.87,2,1,0,0,1
12-04-2025 09:03:45-CR-002,12/04/2025 9:03,-0.785,6.79,2,0,0,1,1
12-04-2025 09:03:45-CR-003,12/04/2025 9:03,-0.32,9.55,3,0,2,1,0
12-04-2025 09:03:45-CR-004,12/04/2025 9:03,-0.57,7.42,4,0,1,1,2
12-04-2025 09:03:45-CR-005,12/04/2025 9:03,-0.55,8.56,3,0,0,1,2
12-04-2025 09:03:45-CR-006,12/04/2025 9:03,-0.3675,4.88,4,1,1,1,1
12-04-2025 09:03:45-CR-007,12/04/2025 9:03,-0.41,1.59,1,0,0,0,1
12-04-2025 09:03:45-CR-008,12/04/2025 9:03,-0.43,10.18,3,0,3,0,0
12-04-2025 09:04:00-CR-001,12/04/2025 9:04,-0.63,8.43,4,0,2,2,0
12-04-2025 09:04:00-CR-002,12/04/2025 9:04,-0.586666667,4.82,3,1,1,0,1
12-04-2025 09:04:00-CR-003,12/04/2025 9:04,-0.535,1.89,2,0,0,1,1
12-04-2025 09:04:00-CR-004,12/04/2025 9:04,-0.22,2.4,1,0,1,0,0
12-04-2025 09:04:00-CR-005,12/04/2025 9:04,-0.54,5.15,2,1,0,1,0
12-04-2025 09:04:00-CR-006,12/04/2025 9:04,-0.68,8.42,4,0,4,0,0
12-04-2025 09:04:00-CR-007,12/04/2025 9:04,-0.6075,9.03,4,1,3,0,0
12-04-2025 09:04:00-CR-008,12/04/2025 9:04,-0.445,13.74,4,1,2,1,0
12-04-2025 09:04:15-CR-001,12/04/2025 9:04,-0.62,3.99,1,0,0,0,1
12-04-2025 09:04:15-CR-002,12/04/2025 9:04,-0.505,4.9,2,2,0,0,0
12-04-2025 09:04:15-CR-003,12/04/2025 9:04,-0.506666667,4.7,3,1,1,1,0
12-04-2025 09:04:15-CR-004,12/04/2025 9:04,-0.34,4.86,3,1,0,1,1
12-04-2025 09:04:15-CR-005,12/04/2025 9:04,-0.395,5.49,2,0,1,1,0
12-04-2025 09:04:15-CR-006,12/04/2025 9:04,-0.46,3.05,1,0,0,1,0
12-04-2025 09:04:15-CR-007,12/04/2025 9:04,-0.68,4.81,3,0,1,2,0
12-04-2025 09:04:15-CR-008,12/04/2025 9:04,-0.42,2.15,1,1,0,0,0
12-04-2025 09:04:30-CR-001,12/04/2025 9:04,-0.455,4.15,4,0,1,2,1
12-04-2025 09:04:30-CR-002,12/04/2025 9:04,-0.375,12.73,4,2,0,2,0
12-04-2025 09:04:30-CR-003,12/04/2025 9:04,-0.48,11.13,4,0,2,1,1
12-04-2025 09:04:30-CR-004,12/04/2025 9:04,-0.5,8.59,3,2,0,1,0
12-04-2025 09:04:30-CR-005,12/04/2025 9:04,-0.4925,4,4,0,1,3,0
12-04-2025 09:04:30-CR-006,12/04/2025 9:04,-0.64,5.2,2,0,1,1,0
12-04-2025 09:04:30-CR-007,12/04/2025 9:04,-0.785,0.82,2,1,0,0,1
12-04-2025 09:04:30-CR-008,12/04/2025 9:04,-0.483333333,7.67,3,1,1,0,1
12-04-2025 09:04:45-CR-001,12/04/2025 9:04,-0.4925,6.63,4,1,1,0,2
12-04-2025 09:04:45-CR-002,12/04/2025 9:04,-0.506666667,8.33,3,0,1,1,1
12-04-2025 09:04:45-CR-003,12/04/2025 9:04,-0.4475,10.43,4,0,2,1,1
12-04-2025 09:04:45-CR-004,12/04/2025 9:04,-0.54,8.58,2,0,0,2,0
12-04-2025 09:04:45-CR-005,12/04/2025 9:04,-0.68,2.58,1,0,0,0,1
12-04-2025 09:04:45-CR-006,12/04/2025 9:04,-0.78,3.23,1,0,1,0,0
12-04-2025 09:04:45-CR-007,12/04/2025 9:04,-0.34,7.26,2,0,0,1,1
12-04-2025 09:04:45-CR-008,12/04/2025 9:04,-0.6125,11.36,4,0,1,1,2
12-04-2025 09:05:00-CR-001,12/04/2025 9:05,-0.73,3.15,1,0,1,0,0
12-04-2025 09:05:00-CR-002,12/04/2025 9:05,-0.71,0.45,1,0,0,1,0
12-04-2025 09:05:00-CR-003,12/04/2025 9:05,-0.46,2.06,1,0,0,1,0
12-04-2025 09:05:00-CR-004,12/04/2025 9:05,-0.66,7.93,2,1,0,1,0
12-04-2025 09:05:00-CR-005,12/04/2025 9:05,-0.43,5.05,3,0,0,0,3
12-04-2025 09:05:00-CR-006,12/04/2025 9:05,-0.4275,7.54,4,0,1,2,1
12-04-2025 09:05:00-CR-007,12/04/2025 9:05,-0.596666667,13.5,3,0,1,2,0
12-04-2025 09:05:00-CR-008,12/04/2025 9:05,-0.66,1.88,1,1,0,0,0
12-04-2025 09:05:15-CR-001,12/04/2025 9:05,-0.42,2.06,1,1,0,0,0
12-04-2025 09:05:15-CR-002,12/04/2025 9:05,-0.38,8.47,2,1,0,0,1
12-04-2025 09:05:15-CR-003,12/04/2025 9:05,-0.3,4.71,2,0,0,1,1
12-04-2025 09:05:15-CR-004,12/04/2025 9:05,-0.4375,10.62,4,0,0,3,1
12-04-2025 09:05:15-CR-005,12/04/2025 9:05,-0.38,8.3,3,1,0,2,0
12-04-2025 09:05:15-CR-006,12/04/2025 9:05,-0.4725,10.9,4,1,1,1,1
12-04-2025 09:05:15-CR-007,12/04/2025 9:05,-0.4425,9.71,4,1,0,1,2
12-04-2025 09:05:15-CR-008,12/04/2025 9:05,-0.34,2.99,2,0,0,1,1
12-04-2025 09:05:30-CR-001,12/04/2025 9:05,-0.54,6.88,2,1,0,0,1
12-04-2025 09:05:30-CR-002,12/04/2025 9:05,-0.376666667,9.32,3,1,1,1,0
12-04-2025 09:05:30-CR-003,12/04/2025 9:05,-0.34,4.28,1,0,0,1,0
12-04-2025 09:05:30-CR-004,12/04/2025 9:05,-0.415,5.44,2,0,2,0,0
12-04-2025 09:05:30-CR-005,12/04/2025 9:05,-0.615,7.49,4,0,1,3,0
12-04-2025 09:05:30-CR-006,12/04/2025 9:05,-0.64,8.6,4,1,1,2,0
12-04-2025 09:05:30-CR-007,12/04/2025 9:05,-0.243333333,10.01,3,1,2,0,0
12-04-2025 09:05:30-CR-008,12/04/2025 9:05,-0.41,3.82,2,1,1,0,0
12-04-2025 09:05:45-CR-001,12/04/2025 9:05,-0.51,10.52,4,0,2,2,0
12-04-2025 09:05:45-CR-002,12/04/2025 9:05,-0.295,14.02,4,3,0,0,1
12-04-2025 09:05:45-CR-003,12/04/2025 9:05,-0.616666667,10.26,3,1,1,1,0
12-04-2025 09:05:45-CR-004,12/04/2025 9:05,-0.3475,7.47,4,2,1,1,0
12-04-2025 09:05:45-CR-005,12/04/2025 9:05,-0.47,1.88,1,0,1,0,0
12-04-2025 09:05:45-CR-006,12/04/2025 9:05,-0.5075,10.48,4,0,0,1,3
12-04-2025 09:05:45-CR-007,12/04/2025 9:05,-0.48,11.28,4,0,0,1,3
12-04-2025 09:05:45-CR-008,12/04/2025 9:05,-0.51,11.11,4,2,1,0,1
12-04-2025 09:06:00-CR-001,12/04/2025 9:06,-0.356666667,8.45,3,1,2,0,0
12-04-2025 09:06:00-CR-002,12/04/2025 9:06,-0.6,6.32,2,0,1,1,0
12-04-2025 09:06:00-CR-003,12/04/2025 9:06,-0.64,8.16,2,0,2,0,0
12-04-2025 09:06:00-CR-004,12/04/2025 9:06,-0.615,15.43,4,1,1,1,1
12-04-2025 09:06:00-CR-005,12/04/2025 9:06,-0.615,13.15,4,1,0,2,1
12-04-2025 09:06:00-CR-006,12/04/2025 9:06,-0.47,2.84,2,1,1,0,0
12-04-2025 09:06:00-CR-007,12/04/2025 9:06,-0.59,7.5,2,1,1,0,0
12-04-2025 09:06:00-CR-008,12/04/2025 9:06,-0.61,8.95,4,0,1,0,3
12-04-2025 09:06:15-CR-001,12/04/2025 9:06,-0.5,7.69,3,2,0,1,0
12-04-2025 09:06:15-CR-002,12/04/2025 9:06,-0.735,7.05,2,1,0,0,1
12-04-2025 09:06:15-CR-003,12/04/2025 9:06,-0.476666667,2.77,3,0,1,1,1
12-04-2025 09:06:15-CR-004,12/04/2025 9:06,-0.556666667,11.78,3,0,0,3,0
12-04-2025 09:06:15-CR-005,12/04/2025 9:06,-0.4525,12.07,4,1,1,1,1
12-04-2025 09:06:15-CR-006,12/04/2025 9:06,-0.4875,8.5,4,1,0,1,2
12-04-2025 09:06:15-CR-007,12/04/2025 9:06,-0.686666667,3.69,3,2,0,1,0
12-04-2025 09:06:15-CR-008,12/04/2025 9:06,-0.5375,10.3,4,2,1,0,1
12-04-2025 09:06:30-CR-001,12/04/2025 9:06,-0.52,9.53,3,1,1,1,0
12-04-2025 09:06:30-CR-002,12/04/2025 9:06,-0.263333333,6.58,3,0,0,1,2
12-04-2025 09:06:30-CR-003,12/04/2025 9:06,-0.5175,11.69,4,0,2,1,1
12-04-2025 09:06:30-CR-004,12/04/2025 9:06,-0.22,4.62,2,0,1,1,0
12-04-2025 09:06:30-CR-005,12/04/2025 9:06,-0.29,2.55,2,1,0,1,0
12-04-2025 09:06:30-CR-006,12/04/2025 9:06,-0.6,4.63,1,0,1,0,0
12-04-2025 09:06:30-CR-007,12/04/2025 9:06,-0.65,3.46,1,0,1,0,0
12-04-2025 09:06:30-CR-008,12/04/2025 9:06,-0.505,3.99,4,2,0,2,0
12-04-2025 09:06:45-CR-001,12/04/2025 9:06,-0.82,1.28,1,0,1,0,0
12-04-2025 09:06:45-CR-002,12/04/2025 9:06,-0.436666667,7.82,3,0,0,2,1
12-04-2025 09:06:45-CR-003,12/04/2025 9:06,-0.61,0.7,2,1,0,1,0
12-04-2025 09:06:45-CR-004,12/04/2025 9:06,-0.56,5.28,3,1,0,2,0
12-04-2025 09:06:45-CR-005,12/04/2025 9:06,-0.89,0.23,1,0,0,0,1
12-04-2025 09:06:45-CR-006,12/04/2025 9:06,-0.45,7.73,2,1,1,0,0
12-04-2025 09:06:45-CR-007,12/04/2025 9:06,-0.5575,11.26,4,0,2,1,1
12-04-2025 09:06:45-CR-008,12/04/2025 9:06,-0.62,0.55,1,1,0,0,0
12-04-2025 09:07:00-CR-001,12/04/2025 9:07,-0.385,4.7,2,0,0,1,1
12-04-2025 09:07:00-CR-002,12/04/2025 9:07,-0.54,4.68,1,0,0,1,0
12-04-2025 09:07:00-CR-003,12/04/2025 9:07,-0.493333333,5.72,3,0,1,2,0
12-04-2025 09:07:00-CR-004,12/04/2025 9:07,-0.5,8.93,4,1,3,0,0
12-04-2025 09:07:00-CR-005,12/04/2025 9:07,-0.5625,12.33,4,1,0,1,2
12-04-2025 09:07:00-CR-006,12/04/2025 9:07,-0.723333333,7.57,3,1,1,0,1
12-04-2025 09:07:00-CR-007,12/04/2025 9:07,-0.52,2.11,1,1,0,0,0
12-04-2025 09:07:00-CR-008,12/04/2025 9:07,-0.475,5.34,2,1,0,1,0
12-04-2025 09:07:15-CR-001,12/04/2025 9:07,-0.42,4.91,2,0,0,0,2
12-04-2025 09:07:15-CR-002,12/04/2025 9:07,-0.456666667,4.09,3,0,1,2,0
12-04-2025 09:07:15-CR-003,12/04/2025 9:07,-0.293333333,5.68,3,2,0,1,0
12-04-2025 09:07:15-CR-004,12/04/2025 9:07,-0.393333333,9.64,3,0,1,2,0
12-04-2025 09:07:15-CR-005,12/04/2025 9:07,-0.54,2.94,1,0,0,1,0
12-04-2025 09:07:15-CR-006,12/04/2025 9:07,-0.52,14.67,4,2,0,0,2
12-04-2025 09:07:15-CR-007,12/04/2025 9:07,-0.47,10.68,3,0,0,3,0
12-04-2025 09:07:15-CR-008,12/04/2025 9:07,-0.55,4.71,1,0,0,0,1
12-04-2025 09:07:30-CR-001,12/04/2025 9:07,-0.633333333,5.79,3,0,1,0,2
12-04-2025 09:07:30-CR-002,12/04/2025 9:07,-0.346666667,10.27,3,1,0,0,2
12-04-2025 09:07:30-CR-003,12/04/2025 9:07,-0.525,5.25,2,0,0,1,1
12-04-2025 09:07:30-CR-004,12/04/2025 9:07,-0.35,2.91,1,1,0,0,0
12-04-2025 09:07:30-CR-005,12/04/2025 9:07,-0.263333333,3.44,3,1,0,1,1
12-04-2025 09:07:30-CR-006,12/04/2025 9:07,-0.48,8.4,2,0,0,0,2
12-04-2025 09:07:30-CR-007,12/04/2025 9:07,-0.655,4.08,2,0,0,1,1
12-04-2025 09:07:30-CR-008,12/04/2025 9:07,-0.33,2.9,1,0,0,0,1
12-04-2025 09:07:45-CR-001,12/04/2025 9:07,-0.775,5.1,2,0,0,1,1
12-04-2025 09:07:45-CR-002,12/04/2025 9:07,-0.64,0.78,1,1,0,0,0
12-04-2025 09:07:45-CR-003,12/04/2025 9:07,-0.616666667,3.3,3,1,1,0,1
12-04-2025 09:07:45-CR-004,12/04/2025 9:07,-0.28,1.31,1,1,0,0,0
12-04-2025 09:07:45-CR-005,12/04/2025 9:07,-0.5625,7.47,4,1,1,1,1
12-04-2025 09:07:45-CR-006,12/04/2025 9:07,-0.51,1.49,1,0,0,0,1
12-04-2025 09:07:45-CR-007,12/04/2025 9:07,-0.553333333,2.81,3,0,1,2,0
12-04-2025 09:07:45-CR-008,12/04/2025 9:07,-0.34,4.32,1,0,0,0,1
12-04-2025 09:08:00-CR-001,12/04/2025 9:08,-0.606666667,7.26,3,0,1,1,1
12-04-2025 09:08:00-CR-002,12/04/2025 9:08,-0.4,11.68,3,0,1,2,0
12-04-2025 09:08:00-CR-003,12/04/2025 9:08,-0.81,2.15,1,0,0,0,1
12-04-2025 09:08:00-CR-004,12/04/2025 9:08,-0.5,12.9,4,3,1,0,0
12-04-2025 09:08:00-CR-005,12/04/2025 9:08,-0.64,9.34,3,0,1,0,2
12-04-2025 09:08:00-CR-006,12/04/2025 9:08,-0.41,1.95,1,0,0,1,0
12-04-2025 09:08:00-CR-007,12/04/2025 9:08,-0.5875,6.1,4,2,0,2,0
12-04-2025 09:08:00-CR-008,12/04/2025 9:08,-0.425,7.23,2,1,0,0,1
12-04-2025 09:08:15-CR-001,12/04/2025 9:08,-0.55,1.65,1,1,0,0,0
12-04-2025 09:08:15-CR-002,12/04/2025 9:08,-0.45,1.31,2,0,1,1,0
12-04-2025 09:08:15-CR-003,12/04/2025 9:08,-0.5,10.06,3,0,2,0,1
12-04-2025 09:08:15-CR-004,12/04/2025 9:08,-0.48,2.3,1,0,0,0,1
12-04-2025 09:08:15-CR-005,12/04/2025 9:08,-0.72,3.86,1,0,0,1,0
12-04-2025 09:08:15-CR-006,12/04/2025 9:08,-0.465,5.64,2,0,2,0,0
12-04-2025 09:08:15-CR-007,12/04/2025 9:08,-0.6475,12.25,4,2,0,1,1
12-04-2025 09:08:15-CR-008,12/04/2025 9:08,-0.4,3.96,1,0,1,0,0
12-04-2025 09:08:30-CR-001,12/04/2025 9:08,-0.41,4.98,2,0,0,0,2
12-04-2025 09:08:30-CR-002,12/04/2025 9:08,-0.483333333,7.26,3,0,2,0,1
12-04-2025 09:08:30-CR-003,12/04/2025 9:08,-0.593333333,6.85,3,2,0,1,0
12-04-2025 09:08:30-CR-004,12/04/2025 9:08,-0.06,3.94,1,0,0,1,0
12-04-2025 09:08:30-CR-005,12/04/2025 9:08,-0.64,5.02,2,0,1,0,1
12-04-2025 09:08:30-CR-006,12/04/2025 9:08,-0.395,4.24,2,0,0,1,1
12-04-2025 09:08:30-CR-007,12/04/2025 9:08,-0.62,1.61,2,1,0,0,1
12-04-2025 09:08:30-CR-008,12/04/2025 9:08,-0.68,2.48,1,1,0,0,0
12-04-2025 09:08:45-CR-001,12/04/2025 9:08,-0.24,3.9,1,1,0,0,0
12-04-2025 09:08:45-CR-002,12/04/2025 9:08,-0.52,5.9,3,1,1,0,1
12-04-2025 09:08:45-CR-003,12/04/2025 9:08,-0.645,4.26,2,1,0,0,1
12-04-2025 09:08:45-CR-004,12/04/2025 9:08,-0.63,1.34,1,0,1,0,0
12-04-2025 09:08:45-CR-005,12/04/2025 9:08,-0.4225,10.3,4,1,1,0,2
12-04-2025 09:08:45-CR-006,12/04/2025 9:08,-0.63,1.35,1,0,0,0,1
12-04-2025 09:08:45-CR-007,12/04/2025 9:08,-0.63,3.54,2,1,0,0,1
12-04-2025 09:08:45-CR-008,12/04/2025 9:08,-0.29,2.35,1,0,1,0,0
12-04-2025 09:09:00-CR-001,12/04/2025 9:09,-0.483333333,3.55,3,0,0,1,2
12-04-2025 09:09:00-CR-002,12/04/2025 9:09,-0.7,2.93,1,0,0,0,1
12-04-2025 09:09:00-CR-003,12/04/2025 9:09,-0.58,1.98,2,1,1,0,0
12-04-2025 09:09:00-CR-004,12/04/2025 9:09,-0.47,7.11,3,0,1,1,1
12-04-2025 09:09:00-CR-005,12/04/2025 9:09,-0.545,7.06,4,0,2,1,1
12-04-2025 09:09:00-CR-006,12/04/2025 9:09,-0.473333333,6.73,3,0,0,1,2
12-04-2025 09:09:00-CR-007,12/04/2025 9:09,-0.4,1.78,2,1,0,1,0
12-04-2025 09:09:00-CR-008,12/04/2025 9:09,-0.325,2.23,2,0,1,1,0
12-04-2025 09:09:15-CR-001,12/04/2025 9:09,-0.56,8.55,2,0,1,1,0
12-04-2025 09:09:15-CR-002,12/04/2025 9:09,-0.41,6.96,2,1,1,0,0
12-04-2025 09:09:15-CR-003,12/04/2025 9:09,-0.48,1.9,2,1,1,0,0
12-04-2025 09:09:15-CR-004,12/04/2025 9:09,-0.3025,13.78,4,1,2,1,0
12-04-2025 09:09:15-CR-005,12/04/2025 9:09,-0.03,4.93,1,1,0,0,0
12-04-2025 09:09:15-CR-006,12/04/2025 9:09,-0.57,3.05,1,0,0,1,0
12-04-2025 09:09:15-CR-007,12/04/2025 9:09,-0.565,5.06,2,1,0,1,0
12-04-2025 09:09:15-CR-008,12/04/2025 9:09,-0.6875,12.06,4,1,2,1,0
12-04-2025 09:09:30-CR-001,12/04/2025 9:09,-0.55,10.49,4,1,0,1,2
12-04-2025 09:09:30-CR-002,12/04/2025 9:09,-0.4575,8.26,4,2,2,0,0
12-04-2025 09:09:30-CR-003,12/04/2025 9:09,-0.135,6.73,2,1,1,0,0
12-04-2025 09:09:30-CR-004,12/04/2025 9:09,-0.33,9.55,4,0,0,1,3
12-04-2025 09:09:30-CR-005,12/04/2025 9:09,-0.31,2.49,1,1,0,0,0
12-04-2025 09:09:30-CR-006,12/04/2025 9:09,-0.435,8.91,2,0,0,2,0
12-04-2025 09:09:30-CR-007,12/04/2025 9:09,-0.51,2.09,1,0,0,0,1
12-04-2025 09:09:30-CR-008,12/04/2025 9:09,-0.38,5.59,4,2,1,1,0
12-04-2025 09:09:45-CR-001,12/04/2025 9:09,-0.29,1.15,2,1,1,0,0
12-04-2025 09:09:45-CR-002,12/04/2025 9:09,-0.66,0.5,1,0,0,0,1
12-04-2025 09:09:45-CR-003,12/04/2025 9:09,-0.675,4.95,4,0,2,2,0
12-04-2025 09:09:45-CR-004,12/04/2025 9:09,-0.515,8.82,4,2,0,2,0
12-04-2025 09:09:45-CR-005,12/04/2025 9:09,-0.495,3.14,2,0,0,0,2
12-04-2025 09:09:45-CR-006,12/04/2025 9:09,-0.7275,9.18,4,1,1,1,1
12-04-2025 09:09:45-CR-007,12/04/2025 9:09,-0.436666667,11.73,3,0,0,2,1
12-04-2025 09:09:45-CR-008,12/04/2025 9:09,-0.735,3.06,2,0,1,1,0
12-04-2025 09:10:00-CR-001,12/04/2025 9:10,-0.4025,13.52,4,1,1,0,2
12-04-2025 09:10:00-CR-002,12/04/2025 9:10,-0.09,0.77,1,0,1,0,0
12-04-2025 09:10:00-CR-003,12/04/2025 9:10,-0.4475,12.71,4,1,0,1,2
12-04-2025 09:10:00-CR-004,12/04/2025 9:10,-0.5,5.27,2,0,1,1,0
12-04-2025 09:10:00-CR-005,12/04/2025 9:10,-0.315,5.48,2,2,0,0,0
12-04-2025 09:10:00-CR-006,12/04/2025 9:10,-0.4,0.34,1,1,0,0,0
12-04-2025 09:10:00-CR-007,12/04/2025 9:10,-0.485,11.24,4,1,1,1,1
12-04-2025 09:10:00-CR-008,12/04/2025 9:10,-0.41,7.16,3,0,1,1,1
12-04-2025 09:10:15-CR-001,12/04/2025 9:10,-0.76,4.85,1,0,1,0,0
12-04-2025 09:10:15-CR-002,12/04/2025 9:10,-0.66,3.82,1,1,0,0,0
12-04-2025 09:10:15-CR-003,12/04/2025 9:10,-0.26,2.22,1,0,0,1,0
12-04-2025 09:10:15-CR-004,12/04/2025 9:10,-0.375,13.39,4,1,0,1,2
12-04-2025 09:10:15-CR-005,12/04/2025 9:10,-0.39,10.71,4,0,0,2,2
12-04-2025 09:10:15-CR-006,12/04/2025 9:10,-0.56,2.14,1,0,0,1,0
12-04-2025 09:10:15-CR-007,12/04/2025 9:10,-0.3175,11.95,4,0,2,0,2
12-04-2025 09:10:15-CR-008,12/04/2025 9:10,-0.4725,6.73,4,0,1,2,1
12-04-2025 09:10:30-CR-001,12/04/2025 9:10,-0.435,7.95,4,2,1,1,0
12-04-2025 09:10:30-CR-002,12/04/2025 9:10,-0.33,3.94,1,0,0,1,0
12-04-2025 09:10:30-CR-003,12/04/2025 9:10,-0.473333333,5.96,3,0,0,1,2
12-04-2025 09:10:30-CR-004,12/04/2025 9:10,-0.34,3.38,1,1,0,0,0
12-04-2025 09:10:30-CR-005,12/04/2025 9:10,-0.445,7.62,2,0,0,1,1
12-04-2025 09:10:30-CR-006,12/04/2025 9:10,-0.53,3.97,1,0,1,0,0
12-04-2025 09:10:30-CR-007,12/04/2025 9:10,-0.585,7.84,2,2,0,0,0
12-04-2025 09:10:30-CR-008,12/04/2025 9:10,-0.63,2.15,1,1,0,0,0
12-04-2025 09:10:45-CR-001,12/04/2025 9:10,-0.35,0.92,1,0,1,0,0
12-04-2025 09:10:45-CR-002,12/04/2025 9:10,-0.38,2.5,2,1,0,0,1
12-04-2025 09:10:45-CR-003,12/04/2025 9:10,-0.3275,11.06,4,1,1,1,1
12-04-2025 09:10:45-CR-004,12/04/2025 9:10,-0.57,8.39,4,1,3,0,0
12-04-2025 09:10:45-CR-005,12/04/2025 9:10,-0.4225,12.64,4,0,0,4,0
12-04-2025 09:10:45-CR-006,12/04/2025 9:10,-0.67,11.91,4,1,2,1,0
12-04-2025 09:10:45-CR-007,12/04/2025 9:10,-0.525,11.37,4,2,1,0,1
12-04-2025 09:10:45-CR-008,12/04/2025 9:10,-0.29,0.44,1,0,0,0,1
12-04-2025 09:11:00-CR-001,12/04/2025 9:11,-0.44,7.38,4,1,0,3,0
12-04-2025 09:11:00-CR-002,12/04/2025 9:11,-0.58,3.83,3,1,1,1,0
12-04-2025 09:11:00-CR-003,12/04/2025 9:11,-0.4875,12.16,4,2,0,0,2
12-04-2025 09:11:00-CR-004,12/04/2025 9:11,-0.37,5.56,3,0,1,2,0
12-04-2025 09:11:00-CR-005,12/04/2025 9:11,-0.5325,7.21,4,0,2,1,1
12-04-2025 09:11:00-CR-006,12/04/2025 9:11,-0.2675,11.7,4,1,2,0,1
12-04-2025 09:11:00-CR-007,12/04/2025 9:11,-0.7,4.2,1,0,0,0,1
12-04-2025 09:11:00-CR-008,12/04/2025 9:11,-0.475,2.66,2,0,0,2,0
12-04-2025 09:11:15-CR-001,12/04/2025 9:11,-0.44,1,1,0,0,0,1
12-04-2025 09:11:15-CR-002,12/04/2025 9:11,-0.19,12.78,4,1,0,1,2
12-04-2025 09:11:15-CR-003,12/04/2025 9:11,-0.386666667,9.23,3,2,0,0,1
12-04-2025 09:11:15-CR-004,12/04/2025 9:11,-0.465,8.78,4,1,2,0,1
12-04-2025 09:11:15-CR-005,12/04/2025 9:11,-0.47,10.86,3,1,1,1,0
12-04-2025 09:11:15-CR-006,12/04/2025 9:11,-0.51,1.89,2,0,1,0,1
12-04-2025 09:11:15-CR-007,12/04/2025 9:11,-0.615,3.83,2,0,1,0,1
12-04-2025 09:11:15-CR-008,12/04/2025 9:11,-0.245,3.39,2,1,0,0,1
12-04-2025 09:11:30-CR-001,12/04/2025 9:11,-0.6,8.6,4,0,1,2,1
12-04-2025 09:11:30-CR-002,12/04/2025 9:11,-0.64,4.15,1,0,0,0,1
12-04-2025 09:11:30-CR-003,12/04/2025 9:11,-0.71,9.69,3,1,0,1,1
12-04-2025 09:11:30-CR-004,12/04/2025 9:11,-0.48,3.45,1,0,0,0,1
12-04-2025 09:11:30-CR-005,12/04/2025 9:11,-0.6125,9.47,4,1,1,1,1
12-04-2025 09:11:30-CR-006,12/04/2025 9:11,-0.7,8,3,0,1,1,1
12-04-2025 09:11:30-CR-007,12/04/2025 9:11,-0.54,7.89,2,0,2,0,0
12-04-2025 09:11:30-CR-008,12/04/2025 9:11,-0.48,10.95,3,0,1,1,1
12-04-2025 09:11:45-CR-001,12/04/2025 9:11,-0.61,5.2,2,0,0,2,0
12-04-2025 09:11:45-CR-002,12/04/2025 9:11,-0.5825,11.61,4,0,2,0,2
12-04-2025 09:11:45-CR-003,12/04/2025 9:11,-0.36,5.26,2,1,0,1,0
12-04-2025 09:11:45-CR-004,12/04/2025 9:11,-0.5975,9.59,4,3,0,0,1
12-04-2025 09:11:45-CR-005,12/04/2025 9:11,-0.43,2.4,1,0,0,0,1
12-04-2025 09:11:45-CR-006,12/04/2025 9:11,-0.53,4.99,1,0,0,1,0
12-04-2025 09:11:45-CR-007,12/04/2025 9:11,-0.54,4.43,1,1,0,0,0
12-04-2025 09:11:45-CR-008,12/04/2025 9:11,-0.44,3.95,1,1,0,0,0
12-04-2025 09:12:00-CR-001,12/04/2025 9:12,-0.466666667,10.13,3,0,1,0,2
12-04-2025 09:12:00-CR-002,12/04/2025 9:12,-0.516666667,6.42,3,2,1,0,0
12-04-2025 09:12:00-CR-003,12/04/2025 9:12,-0.435,4.54,2,1,0,0,1
12-04-2025 09:12:00-CR-004,12/04/2025 9:12,-0.716666667,4.67,3,2,0,1,0
12-04-2025 09:12:00-CR-005,12/04/2025 9:12,-0.5725,11.1,4,1,2,1,0
12-04-2025 09:12:00-CR-006,12/04/2025 9:12,-0.466666667,5.21,3,0,1,1,1
12-04-2025 09:12:00-CR-007,12/04/2025 9:12,-0.5275,14.12,4,1,1,0,2
12-04-2025 09:12:00-CR-008,12/04/2025 9:12,-0.603333333,7.03,3,2,0,1,0
12-04-2025 09:12:15-CR-001,12/04/2025 9:12,-0.55,12.57,4,1,1,1,1
12-04-2025 09:12:15-CR-002,12/04/2025 9:12,-0.585,4.16,2,0,1,1,0
12-04-2025 09:12:15-CR-003,12/04/2025 9:12,-0.373333333,10.97,3,0,2,1,0
12-04-2025 09:12:15-CR-004,12/04/2025 9:12,-0.45,3.07,2,1,1,0,0
12-04-2025 09:12:15-CR-005,12/04/2025 9:12,-0.65,3.92,1,1,0,0,0
12-04-2025 09:12:15-CR-006,12/04/2025 9:12,-0.626666667,5.55,3,2,0,0,1
12-04-2025 09:12:15-CR-007,12/04/2025 9:12,-0.603333333,9.59,3,0,2,0,1
12-04-2025 09:12:15-CR-008,12/04/2025 9:12,-0.3625,7.84,4,1,0,2,1
12-04-2025 09:12:30-CR-001,12/04/2025 9:12,-0.485,10.47,4,1,1,0,2
12-04-2025 09:12:30-CR-002,12/04/2025 9:12,-0.4,7.9,3,1,0,2,0
12-04-2025 09:12:30-CR-003,12/04/2025 9:12,-0.61,5.78,2,0,0,1,1
12-04-2025 09:12:30-CR-004,12/04/2025 9:12,-0.405,7.96,2,0,2,0,0
12-04-2025 09:12:30-CR-005,12/04/2025 9:12,-0.37,2.42,2,0,0,1,1
12-04-2025 09:12:30-CR-006,12/04/2025 9:12,-0.52,4.31,2,0,1,0,1
12-04-2025 09:12:30-CR-007,12/04/2025 9:12,-0.375,16.06,4,2,0,0,2
12-04-2025 09:12:30-CR-008,12/04/2025 9:12,-0.41,8.12,3,0,0,1,2
12-04-2025 09:12:45-CR-001,12/04/2025 9:12,-0.74,4.37,2,1,1,0,0
12-04-2025 09:12:45-CR-002,12/04/2025 9:12,-0.51,1.77,1,0,1,0,0
12-04-2025 09:12:45-CR-003,12/04/2025 9:12,-0.42,4.45,2,0,0,1,1
12-04-2025 09:12:45-CR-004,12/04/2025 9:12,-0.453333333,1.53,3,2,0,1,0
12-04-2025 09:12:45-CR-005,12/04/2025 9:12,-0.4375,8.34,4,1,0,1,2
12-04-2025 09:12:45-CR-006,12/04/2025 9:12,-0.465,5.94,4,0,0,1,3
12-04-2025 09:12:45-CR-007,12/04/2025 9:12,-0.375,9.75,4,3,1,0,0
12-04-2025 09:12:45-CR-008,12/04/2025 9:12,-0.63,8.01,4,0,2,1,1
12-04-2025 09:13:00-CR-001,12/04/2025 9:13,-0.65,2.51,2,1,0,0,1
12-04-2025 09:13:00-CR-002,12/04/2025 9:13,-0.47,3.92,1,0,0,1,0
12-04-2025 09:13:00-CR-003,12/04/2025 9:13,-0.5775,11.96,4,0,0,1,3
12-04-2025 09:13:00-CR-004,12/04/2025 9:13,-0.38,3.02,1,0,1,0,0
12-04-2025 09:13:00-CR-005,12/04/2025 9:13,-0.3925,10.84,4,0,2,1,1
12-04-2025 09:13:00-CR-006,12/04/2025 9:13,-0.18,2.71,1,0,0,0,1
12-04-2025 09:13:00-CR-007,12/04/2025 9:13,-0.47,3.28,2,0,0,1,1
12-04-2025 09:13:00-CR-008,12/04/2025 9:13,-0.615,10.78,4,0,2,2,0
12-04-2025 09:13:15-CR-001,12/04/2025 9:13,-0.57,4.88,1,0,0,1,0
12-04-2025 09:13:15-CR-002,12/04/2025 9:13,-0.49,3.65,1,0,0,1,0
12-04-2025 09:13:15-CR-003,12/04/2025 9:13,-0.485,10.17,4,2,0,1,1
12-04-2025 09:13:15-CR-004,12/04/2025 9:13,-0.385,1.83,2,1,0,1,0
12-04-2025 09:13:15-CR-005,12/04/2025 9:13,-0.42,5.76,2,1,0,1,0
12-04-2025 09:13:15-CR-006,12/04/2025 9:13,-0.456666667,12.18,3,1,1,0,1
12-04-2025 09:13:15-CR-007,12/04/2025 9:13,-0.39,4.19,2,0,0,2,0
12-04-2025 09:13:15-CR-008,12/04/2025 9:13,-0.81,0.5,1,0,1,0,0
12-04-2025 09:13:30-CR-001,12/04/2025 9:13,-0.76,5.93,2,1,0,1,0
12-04-2025 09:13:30-CR-002,12/04/2025 9:13,-0.43,9.15,3,1,1,0,1
12-04-2025 09:13:30-CR-003,12/04/2025 9:13,-0.565,3.61,2,1,0,0,1
12-04-2025 09:13:30-CR-004,12/04/2025 9:13,-0.52,4.28,1,0,1,0,0
12-04-2025 09:13:30-CR-005,12/04/2025 9:13,-0.545,12.37,4,0,0,1,3
12-04-2025 09:13:30-CR-006,12/04/2025 9:13,-0.475,10.72,4,0,0,2,2
12-04-2025 09:13:30-CR-007,12/04/2025 9:13,-0.483333333,5.06,3,1,0,0,2
12-04-2025 09:13:30-CR-008,12/04/2025 9:13,-0.37,4.39,2,0,0,1,1
12-04-2025 09:13:45-CR-001,12/04/2025 9:13,-0.43,7.07,2,1,0,1,0
12-04-2025 09:13:45-CR-002,12/04/2025 9:13,-0.14,1.13,1,0,0,1,0
12-04-2025 09:13:45-CR-003,12/04/2025 9:13,-0.51,1.27,1,0,0,0,1
12-04-2025 09:13:45-CR-004,12/04/2025 9:13,-0.21,0.47,1,0,0,0,1
12-04-2025 09:13:45-CR-005,12/04/2025 9:13,-0.5575,10.14,4,1,0,0,3
12-04-2025 09:13:45-CR-006,12/04/2025 9:13,-0.51,3.87,1,0,0,0,1
12-04-2025 09:13:45-CR-007,12/04/2025 9:13,-0.5,9.15,2,0,0,0,2
12-04-2025 09:13:45-CR-008,12/04/2025 9:13,-0.625,2.96,2,0,1,1,0
12-04-2025 09:14:00-CR-001,12/04/2025 9:14,-0.5875,11.63,4,2,2,0,0
12-04-2025 09:14:00-CR-002,12/04/2025 9:14,-0.413333333,7.84,3,1,1,0,1
12-04-2025 09:14:00-CR-003,12/04/2025 9:14,-0.68,3.49,2,1,0,1,0
12-04-2025 09:14:00-CR-004,12/04/2025 9:14,-0.46,12.28,4,0,0,1,3
12-04-2025 09:14:00-CR-005,12/04/2025 9:14,-0.335,3.98,2,0,0,1,1
12-04-2025 09:14:00-CR-006,12/04/2025 9:14,-0.516666667,5.46,3,1,0,1,1
12-04-2025 09:14:00-CR-007,12/04/2025 9:14,-0.39,7.37,4,0,1,2,1
12-04-2025 09:14:00-CR-008,12/04/2025 9:14,-0.31,0.37,1,0,0,0,1
12-04-2025 09:14:15-CR-001,12/04/2025 9:14,-0.68,10.6,3,0,0,1,2
12-04-2025 09:14:15-CR-002,12/04/2025 9:14,-0.4,0.27,1,1,0,0,0
12-04-2025 09:14:15-CR-003,12/04/2025 9:14,-0.603333333,11.36,3,0,0,1,2
12-04-2025 09:14:15-CR-004,12/04/2025 9:14,-0.615,5.9,4,1,2,1,0
12-04-2025 09:14:15-CR-005,12/04/2025 9:14,-0.403333333,8.48,3,1,1,0,1
12-04-2025 09:14:15-CR-006,12/04/2025 9:14,-0.69,2.28,2,1,0,0,1
12-04-2025 09:14:15-CR-007,12/04/2025 9:14,-0.585,8.14,2,0,1,1,0
12-04-2025 09:14:15-CR-008,12/04/2025 9:14,-0.4525,4.25,4,2,1,1,0
12-04-2025 09:14:30-CR-001,12/04/2025 9:14,-0.37,7.42,4,0,2,2,0
12-04-2025 09:14:30-CR-002,12/04/2025 9:14,-0.343333333,6.28,3,2,0,0,1
12-04-2025 09:14:30-CR-003,12/04/2025 9:14,-0.6425,8.09,4,1,0,2,1
12-04-2025 09:14:30-CR-004,12/04/2025 9:14,-0.75,4.35,1,1,0,0,0
12-04-2025 09:14:30-CR-005,12/04/2025 9:14,-0.57,0.32,1,0,0,0,1
12-04-2025 09:14:30-CR-006,12/04/2025 9:14,-0.39,0.26,1,1,0,0,0
12-04-2025 09:14:30-CR-007,12/04/2025 9:14,-0.653333333,8.29,3,1,1,0,1
12-04-2025 09:14:30-CR-008,12/04/2025 9:14,-0.585,12.14,4,0,3,1,0
12-04-2025 09:14:45-CR-001,12/04/2025 9:14,-0.82,2.3,1,0,0,0,1
12-04-2025 09:14:45-CR-002,12/04/2025 9:14,-0.47,0.14,1,0,0,1,0
12-04-2025 09:14:45-CR-003,12/04/2025 9:14,-0.7425,9.66,4,0,0,3,1
12-04-2025 09:14:45-CR-004,12/04/2025 9:14,-0.506666667,9.29,3,0,2,0,1
12-04-2025 09:14:45-CR-005,12/04/2025 9:14,-0.706666667,8.66,3,2,0,0,1
12-04-2025 09:14:45-CR-006,12/04/2025 9:14,-0.63,1.67,2,0,1,1,0
12-04-2025 09:14:45-CR-007,12/04/2025 9:14,-0.42,12.07,4,0,2,1,1
12-04-2025 09:14:45-CR-008,12/04/2025 9:14,-0.445,8.05,2,2,0,0,0
12-04-2025 09:15:00-CR-001,12/04/2025 9:15,-0.555,10.01,4,2,1,1,0
12-04-2025 09:15:00-CR-002,12/04/2025 9:15,-0.48,4.05,2,1,1,0,0
12-04-2025 09:15:00-CR-003,12/04/2025 9:15,-0.446666667,8.95,3,0,0,1,2
12-04-2025 09:15:00-CR-004,12/04/2025 9:15,-0.536666667,12.36,3,1,1,1,0
12-04-2025 09:15:00-CR-005,12/04/2025 9:15,-0.265,2.57,2,0,1,0,1
12-04-2025 09:15:00-CR-006,12/04/2025 9:15,-0.58,4.92,3,2,0,1,0
12-04-2025 09:15:00-CR-007,12/04/2025 9:15,-0.665,3.22,2,0,1,0,1
12-04-2025 09:15:00-CR-008,12/04/2025 9:15,-0.57,5.24,2,0,0,1,1
12-04-2025 09:15:15-CR-001,12/04/2025 9:15,-0.53,4.3,1,1,0,0,0
12-04-2025 09:15:15-CR-002,12/04/2025 9:15,-0.4075,13.48,4,1,1,1,1
12-04-2025 09:15:15-CR-003,12/04/2025 9:15,-0.55,4.34,1,0,0,0,1
12-04-2025 09:15:15-CR-004,12/04/2025 9:15,-0.6625,8.55,4,0,2,2,0
12-04-2025 09:15:15-CR-005,12/04/2025 9:15,-0.413333333,11.9,3,0,2,0,1
12-04-2025 09:15:15-CR-006,12/04/2025 9:15,-0.42,6.72,2,0,1,1,0
12-04-2025 09:15:15-CR-007,12/04/2025 9:15,-0.39,0.73,1,0,0,0,1
12-04-2025 09:15:15-CR-008,12/04/2025 9:15,-0.3975,9.48,4,2,1,1,0
12-04-2025 09:15:30-CR-001,12/04/2025 9:15,-0.49,12.38,4,1,2,1,0
12-04-2025 09:15:30-CR-002,12/04/2025 9:15,-0.175,2.72,2,2,0,0,0
12-04-2025 09:15:30-CR-003,12/04/2025 9:15,-0.33,4.77,2,0,1,0,1
12-04-2025 09:15:30-CR-004,12/04/2025 9:15,-0.28,2.87,2,0,0,1,1
12-04-2025 09:15:30-CR-005,12/04/2025 9:15,-0.746666667,12.8,3,0,1,0,2
12-04-2025 09:15:30-CR-006,12/04/2025 9:15,-0.73,4.71,1,1,0,0,0
12-04-2025 09:15:30-CR-007,12/04/2025 9:15,-0.34,0.77,1,0,1,0,0
12-04-2025 09:15:30-CR-008,12/04/2025 9:15,-0.433333333,10.22,3,0,1,0,2
12-04-2025 09:15:45-CR-001,12/04/2025 9:15,-0.403333333,10.29,3,0,1,1,1
12-04-2025 09:15:45-CR-002,12/04/2025 9:15,-0.446666667,9.87,3,0,1,2,0
12-04-2025 09:15:45-CR-003,12/04/2025 9:15,-0.466666667,5.73,3,1,0,1,1
12-04-2025 09:15:45-CR-004,12/04/2025 9:15,-0.2,4.28,1,1,0,0,0
12-04-2025 09:15:45-CR-005,12/04/2025 9:15,-0.42,12.03,4,1,0,2,1
12-04-2025 09:15:45-CR-006,12/04/2025 9:15,-0.4,1.09,1,1,0,0,0
12-04-2025 09:15:45-CR-007,12/04/2025 9:15,-0.41,7.73,3,1,0,0,2
12-04-2025 09:15:45-CR-008,12/04/2025 9:15,-0.53,10.03,3,2,0,0,1
12-04-2025 09:16:00-CR-001,12/04/2025 9:16,-0.39,3.79,2,0,1,1,0
12-04-2025 09:16:00-CR-002,12/04/2025 9:16,-0.5,9.81,4,1,0,3,0
12-04-2025 09:16:00-CR-003,12/04/2025 9:16,-0.58,8.59,3,0,2,0,1
12-04-2025 09:16:00-CR-004,12/04/2025 9:16,-0.74,3.08,2,2,0,0,0
12-04-2025 09:16:00-CR-005,12/04/2025 9:16,-0.2,0.77,2,0,1,0,1
12-04-2025 09:16:00-CR-006,12/04/2025 9:16,-0.31,8.68,2,0,1,1,0
12-04-2025 09:16:00-CR-007,12/04/2025 9:16,-0.61,8.77,4,2,1,1,0
12-04-2025 09:16:00-CR-008,12/04/2025 9:16,-0.45,5.2,3,0,2,1,0
12-04-2025 09:16:15-CR-001,12/04/2025 9:16,-0.6,1.9,1,0,1,0,0
12-04-2025 09:16:15-CR-002,12/04/2025 9:16,-0.52,2.36,1,0,0,0,1
12-04-2025 09:16:15-CR-003,12/04/2025 9:16,-0.526666667,6.38,3,0,1,0,2
12-04-2025 09:16:15-CR-004,12/04/2025 9:16,-0.555,8.17,2,0,0,2,0
12-04-2025 09:16:15-CR-005,12/04/2025 9:16,-0.095,5.14,2,1,0,0,1
12-04-2025 09:16:15-CR-006,12/04/2025 9:16,-0.863333333,4.54,3,1,0,0,2
12-04-2025 09:16:15-CR-007,12/04/2025 9:16,-0.62,4.72,2,0,1,0,1
12-04-2025 09:16:15-CR-008,12/04/2025 9:16,-0.505,5.18,2,1,0,1,0
12-04-2025 09:16:30-CR-001,12/04/2025 9:16,-0.69,1.87,1,0,0,1,0
12-04-2025 09:16:30-CR-002,12/04/2025 9:16,-0.58,1.44,1,1,0,0,0
12-04-2025 09:16:30-CR-003,12/04/2025 9:16,-0.435,8.05,4,1,3,0,0
12-04-2025 09:16:30-CR-004,12/04/2025 9:16,-0.76,4.88,1,1,0,0,0
12-04-2025 09:16:30-CR-005,12/04/2025 9:16,-0.525,5.41,2,0,1,1,0
12-04-2025 09:16:30-CR-006,12/04/2025 9:16,-0.49,2.27,1,0,0,0,1
12-04-2025 09:16:30-CR-007,12/04/2025 9:16,-0.55,9.17,4,0,3,0,1
12-04-2025 09:16:30-CR-008,12/04/2025 9:16,-0.33,2.17,1,1,0,0,0
12-04-2025 09:16:45-CR-001,12/04/2025 9:16,-0.503333333,8.06,3,0,0,0,3
12-04-2025 09:16:45-CR-002,12/04/2025 9:16,-0.63,2.75,1,0,0,1,0
12-04-2025 09:16:45-CR-003,12/04/2025 9:16,-0.67,2.5,2,1,0,1,0
12-04-2025 09:16:45-CR-004,12/04/2025 9:16,-0.43,7.25,2,1,0,0,1
12-04-2025 09:16:45-CR-005,12/04/2025 9:16,-0.426666667,3.42,3,0,1,1,1
12-04-2025 09:16:45-CR-006,12/04/2025 9:16,-0.28,3.38,1,0,0,1,0
12-04-2025 09:16:45-CR-007,12/04/2025 9:16,-0.325,5.25,2,0,0,1,1
12-04-2025 09:16:45-CR-008,12/04/2025 9:16,0.11,0.14,1,0,1,0,0
12-04-2025 09:17:00-CR-001,12/04/2025 9:17,-0.48,0.75,1,0,0,0,1
12-04-2025 09:17:00-CR-002,12/04/2025 9:17,-0.34,5.09,2,0,1,1,0
12-04-2025 09:17:00-CR-003,12/04/2025 9:17,-0.55,1.78,1,0,0,1,0
12-04-2025 09:17:00-CR-004,12/04/2025 9:17,-0.295,15.28,4,1,2,1,0
12-04-2025 09:17:00-CR-005,12/04/2025 9:17,-0.21,2.23,1,1,0,0,0
12-04-2025 09:17:00-CR-006,12/04/2025 9:17,-0.5,2,1,0,1,0,0
12-04-2025 09:17:00-CR-007,12/04/2025 9:17,-0.61,5.92,2,1,1,0,0
12-04-2025 09:17:00-CR-008,12/04/2025 9:17,-0.47,6.45,2,1,1,0,0
12-04-2025 09:17:15-CR-001,12/04/2025 9:17,-0.4825,7.66,4,1,0,2,1
12-04-2025 09:17:15-CR-002,12/04/2025 9:17,-0.29,0.27,1,0,0,0,1
12-04-2025 09:17:15-CR-003,12/04/2025 9:17,-0.593333333,6.86,3,1,2,0,0
12-04-2025 09:17:15-CR-004,12/04/2025 9:17,-0.345,2.85,2,1,1,0,0
12-04-2025 09:17:15-CR-005,12/04/2025 9:17,-0.595,11.95,4,2,0,0,2
12-04-2025 09:17:15-CR-006,12/04/2025 9:17,-0.67,8.48,4,2,1,1,0
12-04-2025 09:17:15-CR-007,12/04/2025 9:17,-0.61,4.39,1,0,0,1,0
12-04-2025 09:17:15-CR-008,12/04/2025 9:17,-0.455,4.55,2,0,2,0,0
12-04-2025 09:17:30-CR-001,12/04/2025 9:17,-0.405,2.9,2,0,1,1,0
12-04-2025 09:17:30-CR-002,12/04/2025 9:17,-0.59,0.62,1,0,0,0,1
12-04-2025 09:17:30-CR-003,12/04/2025 9:17,-0.27,2.34,2,0,1,0,1
12-04-2025 09:17:30-CR-004,12/04/2025 9:17,-0.245,13.81,4,0,1,2,1
12-04-2025 09:17:30-CR-005,12/04/2025 9:17,-0.495,7.52,2,0,0,1,1
12-04-2025 09:17:30-CR-006,12/04/2025 9:17,-0.55,3.95,1,0,1,0,0
12-04-2025 09:17:30-CR-007,12/04/2025 9:17,-0.44,9.84,4,2,0,2,0
12-04-2025 09:17:30-CR-008,12/04/2025 9:17,-0.43,6.64,2,0,1,1,0
12-04-2025 09:17:45-CR-001,12/04/2025 9:17,-0.54,7.77,3,1,1,1,0
12-04-2025 09:17:45-CR-002,12/04/2025 9:17,-0.49,1.75,1,0,0,1,0
12-04-2025 09:17:45-CR-003,12/04/2025 9:17,-0.6475,15.53,4,0,2,0,2
12-04-2025 09:17:45-CR-004,12/04/2025 9:17,-0.683333333,9.32,3,0,0,1,2
12-04-2025 09:17:45-CR-005,12/04/2025 9:17,-0.636666667,6.67,3,0,1,0,2
12-04-2025 09:17:45-CR-006,12/04/2025 9:17,-0.59,4.98,1,0,0,0,1
12-04-2025 09:17:45-CR-007,12/04/2025 9:17,-0.43,0.91,1,0,1,0,0
12-04-2025 09:17:45-CR-008,12/04/2025 9:17,-0.65,6.7,3,0,2,0,1
12-04-2025 09:18:00-CR-001,12/04/2025 9:18,-0.385,1.9,2,0,0,2,0
12-04-2025 09:18:00-CR-002,12/04/2025 9:18,-0.376666667,6.35,3,2,1,0,0
12-04-2025 09:18:00-CR-003,12/04/2025 9:18,-0.5475,10.15,4,2,2,0,0
12-04-2025 09:18:00-CR-004,12/04/2025 9:18,-0.61,7.25,3,0,1,1,1
12-04-2025 09:18:00-CR-005,12/04/2025 9:18,-0.47,2.35,2,0,0,2,0
12-04-2025 09:18:00-CR-006,12/04/2025 9:18,-0.505,8.15,4,2,0,1,1
12-04-2025 09:18:00-CR-007,12/04/2025 9:18,-0.293333333,6.94,3,0,1,0,2
12-04-2025 09:18:00-CR-008,12/04/2025 9:18,-0.406666667,9.7,3,2,1,0,0
12-04-2025 09:18:15-CR-001,12/04/2025 9:18,-0.315,10.97,4,1,0,1,2
12-04-2025 09:18:15-CR-002,12/04/2025 9:18,-0.5325,11.13,4,0,2,1,1
12-04-2025 09:18:15-CR-003,12/04/2025 9:18,-0.46,7.22,2,0,0,2,0
12-04-2025 09:18:15-CR-004,12/04/2025 9:18,-0.486666667,4.27,3,2,0,1,0
12-04-2025 09:18:15-CR-005,12/04/2025 9:18,-0.366666667,9.27,3,1,0,1,1
12-04-2025 09:18:15-CR-006,12/04/2025 9:18,-0.55,2.51,1,0,1,0,0
12-04-2025 09:18:15-CR-007,12/04/2025 9:18,-0.4375,10.96,4,0,2,2,0
12-04-2025 09:18:15-CR-008,12/04/2025 9:18,-0.42,11.59,4,1,2,1,0
12-04-2025 09:18:30-CR-001,12/04/2025 9:18,-0.68,10.56,3,0,1,1,1
12-04-2025 09:18:30-CR-002,12/04/2025 9:18,-0.52,12.05,4,2,1,0,1
12-04-2025 09:18:30-CR-003,12/04/2025 9:18,-0.445,5.57,2,0,0,2,0
12-04-2025 09:18:30-CR-004,12/04/2025 9:18,-0.653333333,6.11,3,1,0,0,2
12-04-2025 09:18:30-CR-005,12/04/2025 9:18,-0.59,12.1,4,2,0,1,1
12-04-2025 09:18:30-CR-006,12/04/2025 9:18,-0.53,6.86,2,0,0,1,1
12-04-2025 09:18:30-CR-007,12/04/2025 9:18,-0.42,4.71,3,1,0,0,2
12-04-2025 09:18:30-CR-008,12/04/2025 9:18,-0.625,10.24,4,1,3,0,0
12-04-2025 09:18:45-CR-001,12/04/2025 9:18,-0.42,1.71,1,0,0,1,0
12-04-2025 09:18:45-CR-002,12/04/2025 9:18,-0.6825,8.32,4,2,0,1,1
12-04-2025 09:18:45-CR-003,12/04/2025 9:18,-0.316666667,9.18,3,1,0,0,2
12-04-2025 09:18:45-CR-004,12/04/2025 9:18,-0.28,3.79,1,0,1,0,0
12-04-2025 09:18:45-CR-005,12/04/2025 9:18,-0.49,3.63,1,0,0,0,1
12-04-2025 09:18:45-CR-006,12/04/2025 9:18,-0.59,1.8,1,0,0,1,0
12-04-2025 09:18:45-CR-007,12/04/2025 9:18,-0.733333333,5.61,3,1,0,1,1
12-04-2025 09:18:45-CR-008,12/04/2025 9:18,-0.4975,8.24,4,1,2,0,1
12-04-2025 09:19:00-CR-001,12/04/2025 9:19,-0.7525,10.35,4,1,0,1,2
12-04-2025 09:19:00-CR-002,12/04/2025 9:19,-0.34,0.34,1,0,0,0,1
12-04-2025 09:19:00-CR-003,12/04/2025 9:19,-0.39,1.17,1,0,0,1,0
12-04-2025 09:19:00-CR-004,12/04/2025 9:19,-0.565,5,2,2,0,0,0
12-04-2025 09:19:00-CR-005,12/04/2025 9:19,-0.66,2.15,1,0,0,1,0
12-04-2025 09:19:00-CR-006,12/04/2025 9:19,-0.48,10.97,4,2,1,1,0
12-04-2025 09:19:00-CR-007,12/04/2025 9:19,-0.7,8.77,2,0,1,0,1
12-04-2025 09:19:00-CR-008,12/04/2025 9:19,-0.47,9.38,2,0,1,0,1
12-04-2025 09:19:15-CR-001,12/04/2025 9:19,-0.415,15.64,4,0,1,0,3
12-04-2025 09:19:15-CR-002,12/04/2025 9:19,-0.32,4.38,1,1,0,0,0
12-04-2025 09:19:15-CR-003,12/04/2025 9:19,-0.64,12.84,4,1,1,2,0
12-04-2025 09:19:15-CR-004,12/04/2025 9:19,-0.45,0.25,1,1,0,0,0
12-04-2025 09:19:15-CR-005,12/04/2025 9:19,-0.4,12.35,4,1,0,2,1
12-04-2025 09:19:15-CR-006,12/04/2025 9:19,-0.405,1.82,2,0,1,0,1
12-04-2025 09:19:15-CR-007,12/04/2025 9:19,-0.59,4.7,1,0,1,0,0
12-04-2025 09:19:15-CR-008,12/04/2025 9:19,-0.45,1.71,1,0,0,0,1
12-04-2025 09:19:30-CR-001,12/04/2025 9:19,-0.626666667,7.55,3,0,3,0,0
12-04-2025 09:19:30-CR-002,12/04/2025 9:19,-0.663333333,8.39,3,1,1,0,1
12-04-2025 09:19:30-CR-003,12/04/2025 9:19,-0.426666667,8.95,3,0,1,2,0
12-04-2025 09:19:30-CR-004,12/04/2025 9:19,-0.743333333,10.27,3,0,0,0,3
12-04-2025 09:19:30-CR-005,12/04/2025 9:19,-0.625,14.23,4,0,1,2,1
12-04-2025 09:19:30-CR-006,12/04/2025 9:19,-0.65,5.99,3,0,0,2,1
12-04-2025 09:19:30-CR-007,12/04/2025 9:19,-0.425,6.47,4,0,0,1,3
12-04-2025 09:19:30-CR-008,12/04/2025 9:19,-0.48,5.85,3,0,0,1,2
12-04-2025 09:19:45-CR-001,12/04/2025 9:19,-0.55,8.5,4,1,2,0,1
12-04-2025 09:19:45-CR-002,12/04/2025 9:19,-0.465,4.31,2,0,1,0,1
12-04-2025 09:19:45-CR-003,12/04/2025 9:19,-0.5225,5.45,4,0,0,3,1
12-04-2025 09:19:45-CR-004,12/04/2025 9:19,-0.473333333,8.33,3,2,0,1,0
12-04-2025 09:19:45-CR-005,12/04/2025 9:19,-0.44,8.12,4,1,0,0,3
12-04-2025 09:19:45-CR-006,12/04/2025 9:19,-0.346666667,2.93,3,0,0,3,0
12-04-2025 09:19:45-CR-007,12/04/2025 9:19,-0.366666667,10.99,3,0,1,0,2
12-04-2025 09:19:45-CR-008,12/04/2025 9:19,-0.4975,11.71,4,0,2,1,1
12-04-2025 09:20:00-CR-001,12/04/2025 9:20,-0.52,12.27,4,2,0,1,1
12-04-2025 09:20:00-CR-002,12/04/2025 9:20,-0.65,3.84,1,0,0,0,1
12-04-2025 09:20:00-CR-003,12/04/2025 9:20,-0.41,1.44,1,0,1,0,0
12-04-2025 09:20:00-CR-004,12/04/2025 9:20,-0.585,11.02,4,3,1,0,0
12-04-2025 09:20:00-CR-005,12/04/2025 9:20,-0.443333333,6.01,3,1,1,0,1
12-04-2025 09:20:00-CR-006,12/04/2025 9:20,-0.97,4.69,1,1,0,0,0
12-04-2025 09:20:00-CR-007,12/04/2025 9:20,-0.6725,9.45,4,1,1,1,1
12-04-2025 09:20:00-CR-008,12/04/2025 9:20,-0.43,5.87,3,2,1,0,0
12-04-2025 09:20:15-CR-001,12/04/2025 9:20,-0.443333333,7.22,3,2,1,0,0
12-04-2025 09:20:15-CR-002,12/04/2025 9:20,-0.15,3.91,1,1,0,0,0
12-04-2025 09:20:15-CR-003,12/04/2025 9:20,-0.465,11.76,4,0,1,2,1
12-04-2025 09:20:15-CR-004,12/04/2025 9:20,-0.51,6.76,3,0,0,1,2
12-04-2025 09:20:15-CR-005,12/04/2025 9:20,-1,1.62,1,0,0,0,1
12-04-2025 09:20:15-CR-006,12/04/2025 9:20,-0.453333333,4.52,3,2,0,1,0
12-04-2025 09:20:15-CR-007,12/04/2025 9:20,-0.53,4.99,1,0,0,1,0
12-04-2025 09:20:15-CR-008,12/04/2025 9:20,-0.483333333,5.31,3,2,0,1,0
12-04-2025 09:20:30-CR-001,12/04/2025 9:20,-0.35,10.55,3,1,1,1,0
12-04-2025 09:20:30-CR-002,12/04/2025 9:20,-0.595,5.09,2,0,1,0,1
12-04-2025 09:20:30-CR-003,12/04/2025 9:20,-0.41,3.29,1,0,1,0,0
12-04-2025 09:20:30-CR-004,12/04/2025 9:20,-0.51,1.82,2,1,0,1,0
12-04-2025 09:20:30-CR-005,12/04/2025 9:20,-0.6075,8.71,4,1,2,1,0
12-04-2025 09:20:30-CR-006,12/04/2025 9:20,-0.255,12.02,4,1,2,1,0
12-04-2025 09:20:30-CR-007,12/04/2025 9:20,-0.55,4.52,1,0,0,1,0
12-04-2025 09:20:30-CR-008,12/04/2025 9:20,-0.3875,9.71,4,1,2,1,0
12-04-2025 09:20:45-CR-001,12/04/2025 9:20,-0.26,1.45,1,1,0,0,0
12-04-2025 09:20:45-CR-002,12/04/2025 9:20,-0.48,11.75,3,1,0,0,2
12-04-2025 09:20:45-CR-003,12/04/2025 9:20,-0.32,4.42,1,0,1,0,0
12-04-2025 09:20:45-CR-004,12/04/2025 9:20,-0.3725,10.29,4,1,1,1,1
12-04-2025 09:20:45-CR-005,12/04/2025 9:20,-0.29,4.86,1,1,0,0,0
12-04-2025 09:20:45-CR-006,12/04/2025 9:20,-0.43,3.09,2,0,0,1,1
12-04-2025 09:20:45-CR-007,12/04/2025 9:20,-0.545,3.92,2,0,0,0,2
12-04-2025 09:20:45-CR-008,12/04/2025 9:20,-0.49,1.69,2,0,1,1,0
12-04-2025 09:21:00-CR-001,12/04/2025 9:21,-0.4425,13.85,4,1,1,2,0
12-04-2025 09:21:00-CR-002,12/04/2025 9:21,-0.7,10.56,3,1,1,1,0
12-04-2025 09:21:00-CR-003,12/04/2025 9:21,-0.56,5.64,4,2,0,1,1
12-04-2025 09:21:00-CR-004,12/04/2025 9:21,-0.57,6.25,3,1,0,1,1
12-04-2025 09:21:00-CR-005,12/04/2025 9:21,-0.626666667,4.28,3,1,1,1,0
12-04-2025 09:21:00-CR-006,12/04/2025 9:21,-0.586666667,6.07,3,1,1,1,0
12-04-2025 09:21:00-CR-007,12/04/2025 9:21,-0.516666667,10.47,3,1,1,1,0
12-04-2025 09:21:00-CR-008,12/04/2025 9:21,-0.526666667,9.51,3,2,0,0,1
12-04-2025 09:21:15-CR-001,12/04/2025 9:21,-0.376666667,6.11,3,1,0,0,2
12-04-2025 09:21:15-CR-002,12/04/2025 9:21,-0.5075,12.83,4,0,0,3,1
12-04-2025 09:21:15-CR-003,12/04/2025 9:21,-0.555,13.92,4,0,1,1,2
12-04-2025 09:21:15-CR-004,12/04/2025 9:21,-0.36,3.18,1,1,0,0,0
12-04-2025 09:21:15-CR-005,12/04/2025 9:21,-0.3975,6.23,4,2,0,1,1
12-04-2025 09:21:15-CR-006,12/04/2025 9:21,-0.613333333,10.51,3,0,2,0,1
12-04-2025 09:21:15-CR-007,12/04/2025 9:21,-0.5175,7.84,4,0,0,2,2
12-04-2025 09:21:15-CR-008,12/04/2025 9:21,-0.37,10.29,4,2,0,1,1
12-04-2025 09:21:30-CR-001,12/04/2025 9:21,-0.32,3.99,2,0,0,1,1
12-04-2025 09:21:30-CR-002,12/04/2025 9:21,-0.73,4.71,1,0,1,0,0
12-04-2025 09:21:30-CR-003,12/04/2025 9:21,-0.865,3.05,2,0,1,1,0
12-04-2025 09:21:30-CR-004,12/04/2025 9:21,-0.3975,8.44,4,1,2,1,0
12-04-2025 09:21:30-CR-005,12/04/2025 9:21,-0.523333333,9.66,3,1,0,1,1
12-04-2025 09:21:30-CR-006,12/04/2025 9:21,-0.725,7.74,2,0,2,0,0
12-04-2025 09:21:30-CR-007,12/04/2025 9:21,-0.58,2.39,3,0,2,1,0
12-04-2025 09:21:30-CR-008,12/04/2025 9:21,-0.6275,15.23,4,0,1,3,0
12-04-2025 09:21:45-CR-001,12/04/2025 9:21,-0.62,1.51,1,1,0,0,0
12-04-2025 09:21:45-CR-002,12/04/2025 9:21,-0.62,4.93,2,2,0,0,0
12-04-2025 09:21:45-CR-003,12/04/2025 9:21,-0.62,13.53,4,1,2,1,0
12-04-2025 09:21:45-CR-004,12/04/2025 9:21,-0.55,11.28,4,0,1,2,1
12-04-2025 09:21:45-CR-005,12/04/2025 9:21,-0.605,16.4,4,1,1,1,1
12-04-2025 09:21:45-CR-006,12/04/2025 9:21,-0.423333333,8.52,3,0,0,2,1
12-04-2025 09:21:45-CR-007,12/04/2025 9:21,-0.78,3.11,1,0,0,0,1
12-04-2025 09:21:45-CR-008,12/04/2025 9:21,-0.485,12.87,4,0,0,2,2
12-04-2025 09:22:00-CR-001,12/04/2025 9:22,-0.54,10.51,4,1,0,1,2
12-04-2025 09:22:00-CR-002,12/04/2025 9:22,-0.92,1.88,1,0,1,0,0
12-04-2025 09:22:00-CR-003,12/04/2025 9:22,-0.406666667,7.79,3,0,2,1,0
12-04-2025 09:22:00-CR-004,12/04/2025 9:22,-0.61,8.07,4,0,0,2,2
12-04-2025 09:22:00-CR-005,12/04/2025 9:22,-0.44,0.82,1,0,0,0,1
12-04-2025 09:22:00-CR-006,12/04/2025 9:22,-0.5925,9.43,4,1,1,0,2
12-04-2025 09:22:00-CR-007,12/04/2025 9:22,-0.17,0.41,1,1,0,0,0
12-04-2025 09:22:00-CR-008,12/04/2025 9:22,-0.4025,11.14,4,1,1,2,0
12-04-2025 09:22:15-CR-001,12/04/2025 9:22,-0.49,8.35,2,1,1,0,0
12-04-2025 09:22:15-CR-002,12/04/2025 9:22,-0.5875,10.64,4,2,1,0,1
12-04-2025 09:22:15-CR-003,12/04/2025 9:22,-0.41,8.66,4,2,2,0,0
12-04-2025 09:22:15-CR-004,12/04/2025 9:22,-0.596666667,8.46,3,2,0,1,0
12-04-2025 09:22:15-CR-005,12/04/2025 9:22,-0.536666667,6.01,3,0,1,2,0
12-04-2025 09:22:15-CR-006,12/04/2025 9:22,-0.345,5.69,2,0,0,2,0
12-04-2025 09:22:15-CR-007,12/04/2025 9:22,-0.45,1.61,2,0,0,0,2
12-04-2025 09:22:15-CR-008,12/04/2025 9:22,-0.385,4.56,2,1,0,1,0
12-04-2025 09:22:30-CR-001,12/04/2025 9:22,-0.9,3.84,1,1,0,0,0
12-04-2025 09:22:30-CR-002,12/04/2025 9:22,-0.425,5.96,2,1,0,0,1
12-04-2025 09:22:30-CR-003,12/04/2025 9:22,-0.37,6.16,3,1,0,2,0
12-04-2025 09:22:30-CR-004,12/04/2025 9:22,-0.42,6.91,3,1,0,1,1
12-04-2025 09:22:30-CR-005,12/04/2025 9:22,-0.84,1.23,1,0,1,0,0
12-04-2025 09:22:30-CR-006,12/04/2025 9:22,-0.4,3.77,3,1,0,1,1
12-04-2025 09:22:30-CR-007,12/04/2025 9:22,-0.49,1.06,1,0,0,0,1
12-04-2025 09:22:30-CR-008,12/04/2025 9:22,-0.52,5.31,2,0,1,1,0
12-04-2025 09:22:45-CR-001,12/04/2025 9:22,-0.4625,9.21,4,1,0,1,2
12-04-2025 09:22:45-CR-002,12/04/2025 9:22,-0.51,3.18,1,0,1,0,0
12-04-2025 09:22:45-CR-003,12/04/2025 9:22,-0.383333333,7.31,3,0,1,2,0
12-04-2025 09:22:45-CR-004,12/04/2025 9:22,-0.48,8.58,2,0,1,1,0
12-04-2025 09:22:45-CR-005,12/04/2025 9:22,-0.535,6.4,2,0,1,1,0
12-04-2025 09:22:45-CR-006,12/04/2025 9:22,-0.195,2.23,2,0,1,1,0
12-04-2025 09:22:45-CR-007,12/04/2025 9:22,-0.446666667,8.85,3,0,1,2,0
12-04-2025 09:22:45-CR-008,12/04/2025 9:22,-0.493333333,11.91,3,2,0,0,1
12-04-2025 09:23:00-CR-001,12/04/2025 9:23,-0.775,5.37,2,0,1,0,1
12-04-2025 09:23:00-CR-002,12/04/2025 9:23,-0.6025,10.93,4,1,0,1,2
12-04-2025 09:23:00-CR-003,12/04/2025 9:23,-0.58,6.6,4,0,1,1,2
12-04-2025 09:23:00-CR-004,12/04/2025 9:23,-0.52,9.83,4,1,1,2,0
12-04-2025 09:23:00-CR-005,12/04/2025 9:23,-0.61,6.66,3,0,2,0,1
12-04-2025 09:23:00-CR-006,12/04/2025 9:23,-0.81,1.25,1,0,0,0,1
12-04-2025 09:23:00-CR-007,12/04/2025 9:23,-0.42,1.34,1,0,0,0,1
12-04-2025 09:23:00-CR-008,12/04/2025 9:23,-0.766666667,6.78,3,1,0,0,2
12-04-2025 09:23:15-CR-001,12/04/2025 9:23,-0.753333333,3.28,3,0,1,2,0
12-04-2025 09:23:15-CR-002,12/04/2025 9:23,-0.43,4.76,1,0,1,0,0
12-04-2025 09:23:15-CR-003,12/04/2025 9:23,-0.545,11,4,0,1,0,3
12-04-2025 09:23:15-CR-004,12/04/2025 9:23,-0.375,8.3,2,0,1,1,0
12-04-2025 09:23:15-CR-005,12/04/2025 9:23,-0.615,1.76,2,0,1,0,1
12-04-2025 09:23:15-CR-006,12/04/2025 9:23,-0.5475,7.59,4,1,1,1,1
12-04-2025 09:23:15-CR-007,12/04/2025 9:23,-0.28,0.57,1,0,0,1,0
12-04-2025 09:23:15-CR-008,12/04/2025 9:23,-0.575,0.73,2,0,0,1,1
12-04-2025 09:23:30-CR-001,12/04/2025 9:23,-0.39,4.62,1,1,0,0,0
12-04-2025 09:23:30-CR-002,12/04/2025 9:23,-0.64,3.4,2,0,1,0,1
12-04-2025 09:23:30-CR-003,12/04/2025 9:23,-0.57,2.24,1,1,0,0,0
12-04-2025 09:23:30-CR-004,12/04/2025 9:23,-0.565,13.81,4,2,0,0,2
12-04-2025 09:23:30-CR-005,12/04/2025 9:23,-0.435,16.69,4,1,1,1,1
12-04-2025 09:23:30-CR-006,12/04/2025 9:23,-0.353333333,8.52,3,0,1,1,1
12-04-2025 09:23:30-CR-007,12/04/2025 9:23,-0.44,13.92,4,1,1,1,1
12-04-2025 09:23:30-CR-008,12/04/2025 9:23,-0.275,7.04,2,0,0,1,1
12-04-2025 09:23:45-CR-001,12/04/2025 9:23,-0.425,7.01,2,1,1,0,0
12-04-2025 09:23:45-CR-002,12/04/2025 9:23,-0.535,9.02,2,0,1,1,0
12-04-2025 09:23:45-CR-003,12/04/2025 9:23,-0.31,3.51,1,0,0,0,1
12-04-2025 09:23:45-CR-004,12/04/2025 9:23,-0.45,0.41,1,0,0,0,1
12-04-2025 09:23:45-CR-005,12/04/2025 9:23,-0.446666667,6.84,3,0,0,1,2
12-04-2025 09:23:45-CR-006,12/04/2025 9:23,-0.406666667,2.7,3,0,1,1,1
12-04-2025 09:23:45-CR-007,12/04/2025 9:23,-0.593333333,6.02,3,0,0,1,2
12-04-2025 09:23:45-CR-008,12/04/2025 9:23,-0.48,3.36,1,0,0,0,1
12-04-2025 09:24:00-CR-001,12/04/2025 9:24,-0.45,3.99,1,0,0,1,0
12-04-2025 09:24:00-CR-002,12/04/2025 9:24,-0.35,8.9,4,0,1,2,1
12-04-2025 09:24:00-CR-003,12/04/2025 9:24,-0.365,3.94,2,0,0,2,0
12-04-2025 09:24:00-CR-004,12/04/2025 9:24,-0.5275,15.48,4,0,3,1,0
12-04-2025 09:24:00-CR-005,12/04/2025 9:24,-0.18,1.32,2,0,2,0,0
12-04-2025 09:24:00-CR-006,12/04/2025 9:24,-0.406666667,2.05,3,1,2,0,0
12-04-2025 09:24:00-CR-007,12/04/2025 9:24,-0.32,6.1,3,0,1,2,0
12-04-2025 09:24:00-CR-008,12/04/2025 9:24,-0.483333333,2.97,3,0,1,2,0
12-04-2025 09:24:15-CR-001,12/04/2025 9:24,-0.48,5.67,2,1,1,0,0
12-04-2025 09:24:15-CR-002,12/04/2025 9:24,-0.65,1.68,1,1,0,0,0
12-04-2025 09:24:15-CR-003,12/04/2025 9:24,-0.623333333,10.23,3,1,2,0,0
12-04-2025 09:24:15-CR-004,12/04/2025 9:24,-0.44,7.92,2,0,0,1,1
12-04-2025 09:24:15-CR-005,12/04/2025 9:24,-0.58,2.22,1,0,1,0,0
12-04-2025 09:24:15-CR-006,12/04/2025 9:24,-0.376666667,8.49,3,0,2,0,1
12-04-2025 09:24:15-CR-007,12/04/2025 9:24,-0.4175,12.67,4,1,2,0,1
12-04-2025 09:24:15-CR-008,12/04/2025 9:24,-0.4625,8.67,4,1,0,1,2
12-04-2025 09:24:30-CR-001,12/04/2025 9:24,-0.233333333,5.56,3,0,1,1,1
12-04-2025 09:24:30-CR-002,12/04/2025 9:24,-0.5875,10.7,4,3,0,0,1
12-04-2025 09:24:30-CR-003,12/04/2025 9:24,-0.32,15.17,4,0,2,1,1
12-04-2025 09:24:30-CR-004,12/04/2025 9:24,-0.43,4.91,1,0,0,0,1
12-04-2025 09:24:30-CR-005,12/04/2025 9:24,-0.475,12.54,4,0,0,0,4
12-04-2025 09:24:30-CR-006,12/04/2025 9:24,-0.433333333,9.85,3,3,0,0,0
12-04-2025 09:24:30-CR-007,12/04/2025 9:24,-0.19,1.7,1,1,0,0,0
12-04-2025 09:24:30-CR-008,12/04/2025 9:24,-0.556666667,7.36,3,0,1,1,1
12-04-2025 09:24:45-CR-001,12/04/2025 9:24,-0.46,7.94,2,1,0,1,0
12-04-2025 09:24:45-CR-002,12/04/2025 9:24,-0.715,9.56,4,0,1,2,1
12-04-2025 09:24:45-CR-003,12/04/2025 9:24,-0.46,7.98,3,2,1,0,0
12-04-2025 09:24:45-CR-004,12/04/2025 9:24,-0.655,15.8,4,2,1,0,1
12-04-2025 09:24:45-CR-005,12/04/2025 9:24,-0.61,2.09,2,0,0,1,1
12-04-2025 09:24:45-CR-006,12/04/2025 9:24,-0.626666667,2.83,3,1,0,0,2
12-04-2025 09:24:45-CR-007,12/04/2025 9:24,-0.46,0.11,1,0,1,0,0
12-04-2025 09:24:45-CR-008,12/04/2025 9:24,-0.385,4.98,2,0,0,2,0
12-04-2025 09:25:00-CR-001,12/04/2025 9:25,-0.366666667,8.16,3,2,0,1,0
12-04-2025 09:25:00-CR-002,12/04/2025 9:25,-0.24,3.4,1,0,0,1,0
12-04-2025 09:25:00-CR-003,12/04/2025 9:25,-0.35,6.66,2,1,0,1,0
12-04-2025 09:25:00-CR-004,12/04/2025 9:25,-0.4425,7.12,4,0,1,2,1
12-04-2025 09:25:00-CR-005,12/04/2025 9:25,-0.71,4.27,1,0,0,1,0
12-04-2025 09:25:00-CR-006,12/04/2025 9:25,-0.503333333,9.04,3,3,0,0,0
12-04-2025 09:25:00-CR-007,12/04/2025 9:25,-0.47,8.61,3,2,0,0,1
12-04-2025 09:25:00-CR-008,12/04/2025 9:25,-0.473333333,7.2,3,1,2,0,0
12-04-2025 09:25:15-CR-001,12/04/2025 9:25,-0.5,0.32,1,1,0,0,0
12-04-2025 09:25:15-CR-002,12/04/2025 9:25,-0.48,2.51,1,0,0,1,0
12-04-2025 09:25:15-CR-003,12/04/2025 9:25,-0.596666667,8.47,3,1,2,0,0
12-04-2025 09:25:15-CR-004,12/04/2025 9:25,-0.57,8.28,2,0,1,1,0
12-04-2025 09:25:15-CR-005,12/04/2025 9:25,-0.47,2.01,1,0,1,0,0
12-04-2025 09:25:15-CR-006,12/04/2025 9:25,-0.475,11.57,4,2,0,0,2
12-04-2025 09:25:15-CR-007,12/04/2025 9:25,-0.91,3.91,1,0,1,0,0
12-04-2025 09:25:15-CR-008,12/04/2025 9:25,-0.58,3.06,2,1,0,1,0
12-04-2025 09:25:30-CR-001,12/04/2025 9:25,-0.5125,7.7,4,2,0,2,0
12-04-2025 09:25:30-CR-002,12/04/2025 9:25,-0.645,7.41,2,0,2,0,0
12-04-2025 09:25:30-CR-003,12/04/2025 9:25,-0.355,13.24,4,0,1,2,1
12-04-2025 09:25:30-CR-004,12/04/2025 9:25,-0.63,7.37,4,1,1,1,1
12-04-2025 09:25:30-CR-005,12/04/2025 9:25,-0.37,9.78,3,0,1,2,0
12-04-2025 09:25:30-CR-006,12/04/2025 9:25,-0.443333333,5.9,3,1,0,0,2
12-04-2025 09:25:30-CR-007,12/04/2025 9:25,-0.35,7.7,2,1,0,0,1
12-04-2025 09:25:30-CR-008,12/04/2025 9:25,-0.61,4.35,1,0,1,0,0
12-04-2025 09:25:45-CR-001,12/04/2025 9:25,-0.67,7.57,2,0,0,0,2
12-04-2025 09:25:45-CR-002,12/04/2025 9:25,-0.48,12.83,3,2,0,0,1
12-04-2025 09:25:45-CR-003,12/04/2025 9:25,-0.465,6.47,2,0,0,1,1
12-04-2025 09:25:45-CR-004,12/04/2025 9:25,-0.46,3.17,1,0,0,1,0
12-04-2025 09:25:45-CR-005,12/04/2025 9:25,-0.546666667,7.32,3,1,0,2,0
12-04-2025 09:25:45-CR-006,12/04/2025 9:25,-0.5725,12.21,4,2,0,1,1
12-04-2025 09:25:45-CR-007,12/04/2025 9:25,-0.746666667,5.57,3,0,2,0,1
12-04-2025 09:25:45-CR-008,12/04/2025 9:25,-0.31,2.94,1,0,0,1,0
12-04-2025 09:26:00-CR-001,12/04/2025 9:26,-0.56,5.81,2,0,1,1,0
12-04-2025 09:26:00-CR-002,12/04/2025 9:26,-0.536666667,3.32,3,0,1,1,1
12-04-2025 09:26:00-CR-003,12/04/2025 9:26,-0.61,3.3,2,0,2,0,0
12-04-2025 09:26:00-CR-004,12/04/2025 9:26,-0.22,1.63,1,1,0,0,0
12-04-2025 09:26:00-CR-005,12/04/2025 9:26,-0.57,2.11,2,2,0,0,0
12-04-2025 09:26:00-CR-006,12/04/2025 9:26,-0.41,3.08,1,0,1,0,0
12-04-2025 09:26:00-CR-007,12/04/2025 9:26,-0.4275,14.15,4,0,0,2,2
12-04-2025 09:26:00-CR-008,12/04/2025 9:26,-0.423333333,2.81,3,0,0,2,1
12-04-2025 09:26:15-CR-001,12/04/2025 9:26,-0.48,8.72,4,2,2,0,0
12-04-2025 09:26:15-CR-002,12/04/2025 9:26,-0.653333333,9.17,3,0,1,1,1
12-04-2025 09:26:15-CR-003,12/04/2025 9:26,-0.57,4.7,1,1,0,0,0
12-04-2025 09:26:15-CR-004,12/04/2025 9:26,-0.593333333,5.7,3,1,1,0,1
12-04-2025 09:26:15-CR-005,12/04/2025 9:26,-0.61,0.58,1,0,1,0,0
12-04-2025 09:26:15-CR-006,12/04/2025 9:26,-0.535,10.31,4,3,1,0,0
12-04-2025 09:26:15-CR-007,12/04/2025 9:26,-0.5025,11.62,4,1,1,2,0
12-04-2025 09:26:15-CR-008,12/04/2025 9:26,-0.486666667,10.14,3,0,0,3,0
12-04-2025 09:26:30-CR-001,12/04/2025 9:26,-0.705,11.39,4,0,2,1,1
12-04-2025 09:26:30-CR-002,12/04/2025 9:26,-0.49,14.57,4,0,0,2,2
12-04-2025 09:26:30-CR-003,12/04/2025 9:26,-0.4925,7.3,4,1,0,3,0
12-04-2025 09:26:30-CR-004,12/04/2025 9:26,-0.77,3.35,2,1,1,0,0
12-04-2025 09:26:30-CR-005,12/04/2025 9:26,-0.416666667,3.82,3,0,1,1,1
12-04-2025 09:26:30-CR-006,12/04/2025 9:26,-0.505,4.62,4,1,0,2,1
12-04-2025 09:26:30-CR-007,12/04/2025 9:26,-0.295,6.79,2,0,1,0,1
12-04-2025 09:26:30-CR-008,12/04/2025 9:26,-0.61,8.36,2,1,0,0,1
12-04-2025 09:26:45-CR-001,12/04/2025 9:26,-0.65,7.13,2,1,0,0,1
12-04-2025 09:26:45-CR-002,12/04/2025 9:26,-0.64,2.02,1,0,0,1,0
12-04-2025 09:26:45-CR-003,12/04/2025 9:26,-0.5025,7.47,4,1,1,0,2
12-04-2025 09:26:45-CR-004,12/04/2025 9:26,-0.6,5.05,2,0,1,0,1
12-04-2025 09:26:45-CR-005,12/04/2025 9:26,-0.38,0.59,1,0,1,0,0
12-04-2025 09:26:45-CR-006,12/04/2025 9:26,-0.4525,9.84,4,2,2,0,0
12-04-2025 09:26:45-CR-007,12/04/2025 9:26,-0.45,4.32,3,1,0,1,1
12-04-2025 09:26:45-CR-008,12/04/2025 9:26,-0.45,12.63,4,1,0,1,2
12-04-2025 09:27:00-CR-001,12/04/2025 9:27,-0.77,1.23,1,0,0,1,0
12-04-2025 09:27:00-CR-002,12/04/2025 9:27,-0.42,8.22,2,1,0,1,0
12-04-2025 09:27:00-CR-003,12/04/2025 9:27,-0.5375,11.32,4,2,0,1,1
12-04-2025 09:27:00-CR-004,12/04/2025 9:27,-0.5625,6.97,4,0,2,2,0
12-04-2025 09:27:00-CR-005,12/04/2025 9:27,-0.645,9.18,4,1,2,1,0
12-04-2025 09:27:00-CR-006,12/04/2025 9:27,-0.635,2.22,2,0,2,0,0
12-04-2025 09:27:00-CR-007,12/04/2025 9:27,-0.53,8.07,3,1,1,0,1
12-04-2025 09:27:00-CR-008,12/04/2025 9:27,-0.445,6.63,2,1,0,0,1
12-04-2025 09:27:15-CR-001,12/04/2025 9:27,-0.6,11.14,4,0,2,0,2
12-04-2025 09:27:15-CR-002,12/04/2025 9:27,-0.44,4.57,2,0,1,1,0
12-04-2025 09:27:15-CR-003,12/04/2025 9:27,-0.15,1.33,1,0,1,0,0
12-04-2025 09:27:15-CR-004,12/04/2025 9:27,-0.5125,7.85,4,1,0,2,1
12-04-2025 09:27:15-CR-005,12/04/2025 9:27,-0.425,5.91,2,0,1,0,1
12-04-2025 09:27:15-CR-006,12/04/2025 9:27,-0.39,3.91,1,0,1,0,0
12-04-2025 09:27:15-CR-007,12/04/2025 9:27,-0.5,1.55,1,1,0,0,0
12-04-2025 09:27:15-CR-008,12/04/2025 9:27,-0.625,6.02,2,0,1,0,1
12-04-2025 09:27:30-CR-001,12/04/2025 9:27,-0.5425,5.87,4,1,2,0,1
12-04-2025 09:27:30-CR-002,12/04/2025 9:27,-0.326666667,8.28,3,1,1,1,0
12-04-2025 09:27:30-CR-003,12/04/2025 9:27,-0.373333333,8.23,3,2,0,0,1
12-04-2025 09:27:30-CR-004,12/04/2025 9:27,-0.73,1.14,1,1,0,0,0
12-04-2025 09:27:30-CR-005,12/04/2025 9:27,-0.64,4.85,3,2,1,0,0
12-04-2025 09:27:30-CR-006,12/04/2025 9:27,-0.35,7.58,3,0,1,0,2
12-04-2025 09:27:30-CR-007,12/04/2025 9:27,-0.375,6.29,2,1,1,0,0
12-04-2025 09:27:30-CR-008,12/04/2025 9:27,-0.525,6.37,4,3,0,1,0
12-04-2025 09:27:45-CR-001,12/04/2025 9:27,-0.56,12.67,3,2,0,1,0
12-04-2025 09:27:45-CR-002,12/04/2025 9:27,-0.49,3.71,2,2,0,0,0
12-04-2025 09:27:45-CR-003,12/04/2025 9:27,-0.46,4.59,1,0,0,0,1
12-04-2025 09:27:45-CR-004,12/04/2025 9:27,-0.67,8.42,2,1,0,0,1
12-04-2025 09:27:45-CR-005,12/04/2025 9:27,-0.5225,11.62,4,1,1,1,1
12-04-2025 09:27:45-CR-006,12/04/2025 9:27,-0.62,8.58,2,0,1,0,1
12-04-2025 09:27:45-CR-007,12/04/2025 9:27,-0.31,1.32,1,1,0,0,0
12-04-2025 09:27:45-CR-008,12/04/2025 9:27,-0.06,4.86,1,1,0,0,0
12-04-2025 09:28:00-CR-001,12/04/2025 9:28,-0.546666667,6.97,3,0,0,2,1
12-04-2025 09:28:00-CR-002,12/04/2025 9:28,-0.676666667,8.64,3,0,2,0,1
12-04-2025 09:28:00-CR-003,12/04/2025 9:28,-0.485,1.85,2,1,1,0,0
12-04-2025 09:28:00-CR-004,12/04/2025 9:28,-0.5425,8.44,4,1,0,2,1
12-04-2025 09:28:00-CR-005,12/04/2025 9:28,-0.33,1.97,1,0,0,1,0
12-04-2025 09:28:00-CR-006,12/04/2025 9:28,-0.47,0.17,1,0,0,0,1
12-04-2025 09:28:00-CR-007,12/04/2025 9:28,-0.73,2.24,2,1,0,1,0
12-04-2025 09:28:00-CR-008,12/04/2025 9:28,-0.51,3.52,1,0,0,0,1
12-04-2025 09:28:15-CR-001,12/04/2025 9:28,-0.4275,5.19,4,0,1,1,2
12-04-2025 09:28:15-CR-002,12/04/2025 9:28,-0.67,1.95,2,0,1,0,1
12-04-2025 09:28:15-CR-003,12/04/2025 9:28,-0.36,2.33,1,0,1,0,0
12-04-2025 09:28:15-CR-004,12/04/2025 9:28,-0.21,1.58,2,1,0,0,1
12-04-2025 09:28:15-CR-005,12/04/2025 9:28,-0.89,1.99,1,0,0,0,1
12-04-2025 09:28:15-CR-006,12/04/2025 9:28,-0.46,5.12,2,0,1,0,1
12-04-2025 09:28:15-CR-007,12/04/2025 9:28,-0.56,12.25,4,1,2,0,1
12-04-2025 09:28:15-CR-008,12/04/2025 9:28,-0.483333333,5.37,3,1,1,0,1
12-04-2025 09:28:30-CR-001,12/04/2025 9:28,-0.22,4.9,1,1,0,0,0
12-04-2025 09:28:30-CR-002,12/04/2025 9:28,-0.4425,9.71,4,0,3,1,0
12-04-2025 09:28:30-CR-003,12/04/2025 9:28,-0.63,3.73,1,0,1,0,0
12-04-2025 09:28:30-CR-004,12/04/2025 9:28,-0.545,5.79,2,0,0,1,1
12-04-2025 09:28:30-CR-005,12/04/2025 9:28,-0.575,13.36,4,0,2,1,1
12-04-2025 09:28:30-CR-006,12/04/2025 9:28,-0.54,7.24,4,3,0,0,1
12-04-2025 09:28:30-CR-007,12/04/2025 9:28,-0.58,9.97,4,0,1,1,2
12-04-2025 09:28:30-CR-008,12/04/2025 9:28,-0.55,10.16,4,0,1,2,1
12-04-2025 09:28:45-CR-001,12/04/2025 9:28,-0.646666667,7.42,3,1,1,1,0
12-04-2025 09:28:45-CR-002,12/04/2025 9:28,-0.485,12.87,4,1,0,1,2
12-04-2025 09:28:45-CR-003,12/04/2025 9:28,-0.415,2.07,2,0,1,0,1
12-04-2025 09:28:45-CR-004,12/04/2025 9:28,-0.62,2.44,1,0,0,0,1
12-04-2025 09:28:45-CR-005,12/04/2025 9:28,-0.59,3.67,1,0,1,0,0
12-04-2025 09:28:45-CR-006,12/04/2025 9:28,0.02,4.05,1,1,0,0,0
12-04-2025 09:28:45-CR-007,12/04/2025 9:28,-0.73,2.86,1,0,0,1,0
12-04-2025 09:28:45-CR-008,12/04/2025 9:28,-0.54,4.14,2,0,0,1,1
12-04-2025 09:29:00-CR-001,12/04/2025 9:29,-0.45,6.16,2,0,0,0,2
12-04-2025 09:29:00-CR-002,12/04/2025 9:29,-0.405,1.65,2,1,0,0,1
12-04-2025 09:29:00-CR-003,12/04/2025 9:29,-0.31,1.52,1,0,1,0,0
12-04-2025 09:29:00-CR-004,12/04/2025 9:29,-0.5975,13.59,4,1,0,1,2
12-04-2025 09:29:00-CR-005,12/04/2025 9:29,0.1,5.63,2,2,0,0,0
12-04-2025 09:29:00-CR-006,12/04/2025 9:29,-0.28,2.87,1,0,0,0,1
12-04-2025 09:29:00-CR-007,12/04/2025 9:29,-0.32,4.97,2,0,2,0,0
12-04-2025 09:29:00-CR-008,12/04/2025 9:29,-0.52,4.62,1,0,1,0,0
12-04-2025 09:29:15-CR-001,12/04/2025 9:29,-0.535,10.9,4,1,1,1,1
12-04-2025 09:29:15-CR-002,12/04/2025 9:29,-0.295,9.73,4,0,0,3,1
12-04-2025 09:29:15-CR-003,12/04/2025 9:29,-0.515,3.85,2,1,1,0,0
12-04-2025 09:29:15-CR-004,12/04/2025 9:29,-0.06,3.3,1,0,0,1,0
12-04-2025 09:29:15-CR-005,12/04/2025 9:29,-0.61,6.53,2,0,2,0,0
12-04-2025 09:29:15-CR-006,12/04/2025 9:29,-0.53,4.14,1,1,0,0,0
12-04-2025 09:29:15-CR-007,12/04/2025 9:29,-0.4625,6.58,4,2,2,0,0
12-04-2025 09:29:15-CR-008,12/04/2025 9:29,-0.72,5.9,3,0,2,1,0
12-04-2025 09:29:30-CR-001,12/04/2025 9:29,-0.51,8.67,4,2,1,1,0
12-04-2025 09:29:30-CR-002,12/04/2025 9:29,-0.61,2.43,1,0,1,0,0
12-04-2025 09:29:30-CR-003,12/04/2025 9:29,-0.486666667,6.95,3,1,0,2,0
12-04-2025 09:29:30-CR-004,12/04/2025 9:29,-0.4125,9.87,4,0,1,1,2
12-04-2025 09:29:30-CR-005,12/04/2025 9:29,-0.2,6.55,2,0,2,0,0
12-04-2025 09:29:30-CR-006,12/04/2025 9:29,-0.55,10.69,4,1,1,1,1
12-04-2025 09:29:30-CR-007,12/04/2025 9:29,-0.53,12.28,4,1,1,0,2
12-04-2025 09:29:30-CR-008,12/04/2025 9:29,-0.565,11.38,4,1,0,3,0
12-04-2025 09:29:45-CR-001,12/04/2025 9:29,-0.48,10.55,3,1,0,0,2
12-04-2025 09:29:45-CR-002,12/04/2025 9:29,-0.355,8.99,4,1,0,2,1
12-04-2025 09:29:45-CR-003,12/04/2025 9:29,-0.445,9.36,4,2,1,1,0
12-04-2025 09:29:45-CR-004,12/04/2025 9:29,-0.5825,6.79,4,1,1,0,2
12-04-2025 09:29:45-CR-005,12/04/2025 9:29,-0.3475,2.09,4,0,3,0,1
12-04-2025 09:29:45-CR-006,12/04/2025 9:29,-0.73,3.91,1,0,0,1,0
12-04-2025 09:29:45-CR-007,12/04/2025 9:29,-0.52,2.77,1,1,0,0,0
12-04-2025 09:29:45-CR-008,12/04/2025 9:29,-0.42,1.47,2,1,0,1,0
12-04-2025 09:30:00-CR-001,12/04/2025 9:30,-0.48,9.59,4,1,0,1,2
12-04-2025 09:30:00-CR-002,12/04/2025 9:30,-0.48,3.87,1,0,1,0,0
12-04-2025 09:30:00-CR-003,12/04/2025 9:30,-0.495,5.35,2,0,0,1,1
12-04-2025 09:30:00-CR-004,12/04/2025 9:30,-0.54,5.3,2,1,1,0,0
12-04-2025 09:30:00-CR-005,12/04/2025 9:30,-0.28,6.29,2,0,1,0,1
12-04-2025 09:30:00-CR-006,12/04/2025 9:30,-0.77,1.58,1,1,0,0,0
12-04-2025 09:30:00-CR-007,12/04/2025 9:30,-0.425,8.94,2,1,1,0,0
12-04-2025 09:30:00-CR-008,12/04/2025 9:30,-0.5525,15.61,4,1,1,0,2
